age_group,feature_code,n,p0,p1,p2,p3,p4,p5,p6,p7,p8,p9,p10,p11,p12,p13,p14,p15,p16,p17,p18,p19,p20,p21,p22,p23,p24,p25,p26,p27,p28,p29,p30,p31,p32,p33,p34,p35,p36,p37,p38,p39,p40,p41,p42,p43,p44,p45,p46,p47,p48,p49,p50,p51,p52,p53,p54,p55,p56,p57,p58,p59,p60,p61,p62,p63,p64,p65,p66,p67,p68,p69,p70,p71,p72,p73,p74,p75,p76,p77,p78,p79,p80,p81,p82,p83,p84,p85,p86,p87,p88,p89,p90,p91,p92,p93,p94,p95,p96,p97,p98,p99,p100
12-14,LBXWBCSI,670,2.3,3.5,3.7,3.9,4.1,4.3,4.4,4.5,4.6,4.6,4.7,4.8,4.9,4.9,5.0,5.0,5.1,5.173,5.2,5.2,5.3,5.4,5.5,5.5,5.6,5.7,5.7,5.8,5.9,5.9,5.9,6.0,6.0,6.1,6.1,6.2,6.3,6.3,6.4,6.4,6.4,6.5,6.5,6.6,6.6,6.7,6.7,6.7,6.8,6.9,7.0,7.0,7.0,7.1,7.1,7.1,7.2,7.3,7.3,7.370999999999998,7.4,7.5,7.5,7.6,7.7,7.7,7.8,7.9,7.9,8.0,8.0,8.098999999999995,8.1,8.2,8.206,8.3,8.4,8.5,8.5,8.6,8.6,8.7,8.8,9.0,9.0,9.1,9.3,9.402999999999997,9.572000000000003,9.7,9.8,9.8,10.0,10.117000000000006,10.3,10.6,10.7,10.8,11.2,12.530999999999995,15.3
12-14,LBXLYPCT,670,11.6,14.407,18.376,19.913999999999998,21.228,22.345,22.714,23.2,23.5,24.0,24.5,25.0,25.4,25.6,26.0,26.2,26.504,26.773,27.142,27.511,27.9,28.397999999999996,28.7,28.9,29.2,29.4,29.694,29.8,29.9,30.1,30.3,30.438999999999997,30.8,31.0,31.146,31.414999999999996,31.6,31.9,32.122,32.3,32.5,32.8,33.0,33.167,33.336,33.6,33.774,33.9,34.212,34.381,34.55,34.7,35.0,35.257,35.426,35.69500000000001,35.964000000000006,36.2,36.3,36.6,36.8,37.009,37.3,37.547000000000004,37.8,38.0,38.3,38.523,38.7,39.0,39.459999999999994,39.79899999999999,40.1,40.4,41.0,41.2,41.6,41.8,42.1,42.3,42.5,42.9,43.35799999999999,43.627,44.1,44.8,45.034000000000006,45.4,45.7,46.141,46.8,47.658000000000015,48.548,49.35100000000002,50.0,50.664999999999985,51.348,52.68599999999999,54.462,58.4,66.8
12-14,LBXMOPCT,670,3.9,4.4,4.7,4.9,5.0,5.2,5.3,5.4,5.5,5.5,5.6,5.7,5.8,5.8,5.8,5.9,6.0,6.1,6.1,6.111,6.2,6.248999999999998,6.3,6.3,6.4,6.4,6.5,6.5,6.6,6.6,6.7,6.7,6.7,6.8,6.846000000000001,6.9,7.0,7.0,7.1,7.1,7.1,7.2,7.2,7.3,7.3,7.3,7.4,7.4,7.5,7.5,7.55,7.6,7.6,7.7,7.8,7.8,7.9,7.9,7.901999999999998,8.0,8.1,8.1,8.2,8.2,8.3,8.3,8.4,8.5,8.5,8.6,8.6,8.698999999999995,8.7,8.7,8.8,8.8,8.944,9.1,9.1,9.2,9.3,9.4,9.4,9.5,9.6,9.664999999999997,9.8,9.9,10.0,10.2,10.4,10.5,10.7,10.8,11.0,11.454999999999995,11.9,12.292999999999996,12.7,14.723999999999977,23.2
12-14,LBXNEPCT,670,20.7,27.383,32.39,34.442,37.028,37.5,37.914,38.549,39.352,40.042,40.89,41.259,42.128,42.894,43.166000000000004,43.5,44.004,44.573,44.8,45.2,45.4,45.7,45.9,46.5,47.1,47.225,47.694,48.063,48.4,48.601,48.8,49.0,49.508,49.8,50.0,50.2,50.5,50.7,51.0,51.491,51.8,52.1,52.2,52.3,52.536,52.805,53.1,53.342999999999996,53.6,53.781,54.05,54.3,54.5,55.1,55.3,55.5,55.9,55.933,56.3,56.471,56.7,56.909,57.3,57.5,57.6,57.7,57.9,58.1,58.3,58.6,58.8,59.0,59.2,59.5,59.806,60.2,60.744,61.0,61.2,61.4,61.620000000000005,61.989,62.2,62.45399999999999,62.995999999999995,63.565,63.934000000000005,64.3,64.772,65.5,66.01,66.4,67.248,67.53400000000002,68.286,69.55499999999999,70.3,71.193,72.262,75.68599999999996,81.3
12-14,LBXEOPCT,670,0.1,0.3,0.4,0.5,0.6,0.6450000000000002,0.7,0.7,0.8,0.8,0.9,0.9,0.9280000000000002,1.0,1.0,1.1,1.1,1.1,1.1,1.2,1.2,1.2,1.2180000000000006,1.3,1.3,1.4,1.4,1.4,1.4,1.4,1.5,1.5,1.5,1.5,1.6,1.6,1.6,1.6,1.7,1.7,1.7,1.8,1.8,1.9,1.9,2.0,2.0,2.0,2.1,2.1,2.1,2.2,2.3,2.3,2.3,2.3,2.4,2.4,2.4,2.5,2.5,2.6,2.6,2.7,2.7,2.7850000000000024,2.8,2.9,2.9,2.960999999999996,3.0,3.1,3.2,3.2,3.3,3.375,3.4,3.5,3.5,3.6,3.7,3.8,3.8579999999999925,3.9,4.0,4.1,4.2,4.4,4.5,4.840999999999997,5.0,5.2,5.748000000000002,5.917000000000008,6.186000000000002,7.309999999999992,7.572000000000003,8.392999999999995,9.562,11.261999999999988,14.1
12-14,LBXBAPCT,670,5.397605346934028e-79,0.2,0.3,0.3,0.3,0.3,0.3,0.3,0.3,0.4,0.4,0.4,0.4,0.4,0.4,0.4,0.4,0.4,0.4,0.4,0.4,0.4,0.4,0.5,0.5,0.5,0.5,0.5,0.5,0.5,0.5,0.5,0.5,0.5,0.5,0.5,0.5,0.5,0.5,0.5,0.5,0.5,0.5979999999999961,0.6,0.6,0.6,0.6,0.6,0.6,0.6,0.6,0.6,0.6,0.6,0.6,0.6,0.6,0.6,0.6,0.6,0.6399999999999977,0.7,0.7,0.7,0.7,0.7,0.7,0.7,0.7,0.7,0.7,0.7,0.7,0.8,0.8,0.8,0.8,0.8,0.8,0.8,0.8,0.8,0.8,0.9,0.9,0.9,0.9,0.9,0.9,0.9,1.0,1.0,1.0,1.0,1.1,1.1,1.124000000000001,1.2,1.3,1.3,3.4
12-14,LBXRBCSI,670,3.81,3.92,3.9538,4.0007,4.0476,4.1,4.13,4.14,4.17,4.1921,4.22,4.2459,4.27,4.29,4.3065999999999995,4.32,4.3304,4.34,4.36,4.3611,4.37,4.38,4.4,4.41,4.42,4.43,4.4394,4.44,4.45,4.45,4.45,4.46,4.47,4.48,4.49,4.5,4.5,4.51,4.51,4.52,4.53,4.54,4.55,4.56,4.58,4.58,4.59,4.6,4.61,4.61,4.62,4.62,4.63,4.64,4.65,4.65,4.66,4.66,4.67,4.68,4.68,4.69,4.7,4.71,4.72,4.7285,4.73,4.74,4.75,4.76,4.78,4.79,4.79,4.81,4.8106,4.83,4.84,4.8613,4.87,4.88,4.902000000000001,4.91,4.92,4.93,4.94,4.96,4.973400000000001,4.98,5.0,5.0241,5.04,5.0579,5.08,5.0917,5.11,5.13,5.1724,5.237899999999999,5.2962,5.456199999999999,6.36
12-14,LBXHGB,670,8.1,10.1,10.538,10.9,11.2,11.3,11.4,11.5,11.6,11.6,11.7,11.8,11.9,11.9,12.0,12.0,12.1,12.1,12.2,12.2,12.3,12.3,12.3,12.3,12.4,12.425,12.5,12.5,12.6,12.6,12.6,12.6,12.7,12.7,12.7,12.8,12.8,12.8,12.8,12.8,12.9,12.9,12.9,12.9,13.0,13.0,13.0,13.0,13.012,13.1,13.1,13.1,13.2,13.2,13.2,13.2,13.3,13.3,13.3,13.370999999999999,13.4,13.4,13.4,13.4,13.5,13.5,13.5,13.5,13.5,13.6,13.6,13.6,13.668,13.7,13.7,13.7,13.8,13.8,13.8,13.9,13.9,13.9,13.957999999999993,14.0,14.0,14.1,14.1,14.102999999999996,14.2,14.2,14.3,14.3,14.4,14.5,14.5,14.554999999999994,14.6,14.692999999999994,14.762,15.030999999999995,16.0
12-14,LBXHCT,670,27.1,32.338,32.976,33.6,34.152,34.6,34.8,35.0,35.2,35.421,35.6,35.8,36.0,36.2,36.3,36.434999999999995,36.6,36.7,36.8,36.8,36.980000000000004,37.0,37.2,37.3,37.356,37.4,37.5,37.6,37.632000000000005,37.8,37.8,37.9,38.1,38.17700000000001,38.2,38.3,38.4,38.5,38.5,38.6,38.7,38.8,38.897999999999996,38.9,39.0,39.0,39.1,39.1,39.2,39.3,39.3,39.4,39.5,39.5,39.6,39.6,39.7,39.7,39.702,39.8,39.839999999999996,39.9,40.0,40.0,40.1,40.1,40.2,40.2,40.3,40.4,40.5,40.5,40.6,40.7,40.7,40.8,40.9,40.913,41.0,41.1,41.2,41.3,41.4,41.5,41.6,41.8,41.9,42.003,42.1,42.2,42.3,42.5,42.6,42.7,42.9,43.0,43.324,43.6,44.124,44.823999999999984,47.2
12-14,LBXMCVSI,670,57.4,66.111,70.09,72.063,74.4,75.44500000000001,76.128,76.8,77.452,77.821,78.3,78.85900000000001,79.3,79.9,80.2,80.335,80.508,80.9,81.1,81.211,81.38000000000001,81.449,81.6,81.78699999999999,82.0,82.2,82.3,82.563,82.7,82.801,82.9,83.0,83.2,83.3,83.4,83.515,83.7,83.753,83.9,84.0,84.1,84.2,84.3,84.4,84.5,84.6,84.7,84.8,85.0,85.1,85.1,85.3,85.4,85.6,85.7,85.8,86.0,86.0,86.1,86.2,86.4,86.4,86.6,86.6,86.8,86.9,87.0,87.2,87.2,87.4,87.5,87.6,87.8,87.9,88.0,88.1,88.2,88.3,88.4,88.6,88.72000000000001,88.9,89.0,89.1,89.2,89.4,89.6,89.8,90.1,90.3,90.6,90.8,91.1,91.4,91.8,92.255,93.0,93.193,93.98599999999999,94.731,97.2
12-14,LBXMC,671,30.0,30.81,31.34,31.51,31.7,31.85,31.9,32.0,32.1,32.1,32.2,32.2,32.2,32.3,32.3,32.4,32.4,32.5,32.5,32.53,32.6,32.6,32.7,32.7,32.7,32.75,32.8,32.8,32.8,32.8,32.9,32.9,32.94,33.0,33.0,33.0,33.1,33.1,33.1,33.1,33.1,33.2,33.2,33.2,33.3,33.3,33.3,33.3,33.3,33.4,33.4,33.4,33.4,33.4,33.4,33.5,33.5,33.5,33.5,33.6,33.6,33.6,33.6,33.6,33.7,33.7,33.7,33.7,33.8,33.8,33.8,33.8,33.9,33.9,33.9,33.9,33.9,34.0,34.0,34.0,34.1,34.1,34.1,34.2,34.2,34.3,34.3,34.3,34.4,34.4,34.4,34.5,34.5,34.6,34.6,34.7,34.71999999999999,34.9,35.0,35.2,36.3
12-14,LBXMCHSI,670,17.5,20.645,22.276,23.007,23.752000000000002,24.445,24.8,25.083000000000002,25.3,25.5,25.6,25.7,25.8,26.0,26.1,26.3,26.4,26.573,26.642,26.7,26.8,26.8,26.9,27.0,27.1,27.2,27.2,27.3,27.4,27.4,27.5,27.538999999999998,27.6,27.6,27.7,27.8,27.8,27.9,27.9,28.0,28.0,28.1,28.2,28.2,28.3,28.3,28.4,28.4,28.5,28.5,28.6,28.6,28.6,28.7,28.7,28.8,28.8,28.9,28.9,28.9,29.0,29.0,29.0,29.1,29.2,29.2,29.3,29.3,29.3,29.4,29.4,29.5,29.568,29.6,29.7,29.7,29.7,29.8,29.8,29.9,29.9,30.0,30.1,30.1,30.2,30.2,30.3,30.4,30.5,30.5,30.6,30.7,30.848000000000003,30.9,31.0,31.1,31.3,31.58599999999999,32.0,32.43099999999999,33.0
12-14,LBXRDW,670,11.8,12.068999999999999,12.2,12.3,12.3,12.4,12.4,12.483,12.5,12.5,12.5,12.5,12.6,12.6,12.6,12.6,12.7,12.7,12.7,12.7,12.8,12.8,12.8,12.8,12.9,12.9,12.9,12.9,12.9,12.9,13.0,13.0,13.0,13.0,13.1,13.1,13.1,13.1,13.1,13.2,13.2,13.2,13.2,13.2,13.3,13.3,13.3,13.3,13.3,13.3,13.4,13.4,13.4,13.5,13.5,13.5,13.5,13.532999999999998,13.6,13.6,13.7,13.7,13.7,13.7,13.8,13.8,13.8,13.8,13.9,13.9,13.9,13.9,13.9,14.0,14.0,14.1,14.1,14.1,14.2,14.2,14.3,14.4,14.4,14.5,14.5,14.6,14.7,14.8,14.9,15.040999999999997,15.1,15.279000000000009,15.348000000000003,15.517000000000007,15.786000000000001,15.9,16.124000000000002,16.5,17.1,17.46199999999999,21.5
12-14,LBXPLTSI,670,137.0,171.21,185.38,192.0,193.0,196.45,199.28,206.66000000000003,209.0,212.0,212.0,214.59,218.0,218.0,221.32000000000002,223.0,224.04000000000002,226.0,229.0,230.0,231.0,232.48999999999998,234.0,236.0,238.0,239.25,241.0,243.0,244.0,246.0,248.0,249.39,251.0,252.77,254.46,256.0,258.0,259.0,261.0,262.0,263.0,265.0,267.0,269.67,271.0,272.0,273.0,275.0,276.0,278.0,279.0,280.19,282.0,284.57,286.26000000000005,288.0,289.0,290.0,291.0,292.0,294.0,296.09,298.0,300.0,302.0,304.0,306.0,308.0,309.92,310.0,311.29999999999995,313.9799999999999,315.0,317.37,319.0,320.0,322.0,324.0,327.0,330.51,337.0,340.0,342.5799999999999,344.0,346.0,349.0,352.0,357.0,361.0,369.40999999999997,371.1,375.37000000000023,382.0,384.1700000000001,389.86,395.54999999999995,401.0,407.92999999999995,417.62,435.2399999999998,527.0
12-14,LBXMPSI,670,6.0,6.5,6.6,6.7,6.776,6.8,6.9,6.9,7.0,7.021,7.1,7.1,7.2,7.2,7.2,7.2,7.204000000000001,7.3,7.3,7.3,7.4,7.4,7.4,7.5,7.5,7.5,7.5,7.5,7.6,7.6,7.6,7.6,7.6,7.6,7.7,7.7,7.7,7.7,7.8,7.8,7.8,7.8,7.8,7.9,7.9,7.9,7.9,8.0,8.0,8.0,8.0,8.0,8.0,8.1,8.1,8.1,8.2,8.2,8.2,8.2,8.2,8.3,8.3,8.3,8.3,8.385000000000003,8.4,8.4,8.4,8.5,8.5,8.5,8.5,8.6,8.6,8.6,8.7,8.7,8.7,8.8,8.8,8.8,8.9,8.9,9.0,9.0,9.0,9.002999999999997,9.1,9.2,9.2,9.3,9.3,9.4,9.6,9.7,9.8,9.9,10.1,10.330999999999996,11.0
12-14,LBXSGL,651,64.0,72.5,75.0,75.5,76.0,77.0,77.0,78.0,78.0,79.0,79.0,80.0,80.0,80.0,81.0,81.0,81.0,81.0,82.0,82.0,82.0,82.0,83.0,83.0,83.0,83.0,84.0,84.0,84.0,84.0,84.0,84.5,85.0,85.0,85.0,85.0,85.0,85.0,85.0,86.0,86.0,86.0,86.0,87.0,87.0,87.0,87.0,87.0,88.0,88.0,88.0,88.0,88.0,89.0,89.0,89.0,89.0,89.0,90.0,90.0,90.0,90.0,90.0,90.0,91.0,91.0,91.0,91.0,91.0,91.0,92.0,92.0,92.0,92.0,93.0,93.0,93.0,93.0,93.0,94.0,94.0,94.0,94.0,94.5,95.0,95.0,96.0,96.0,96.0,96.5,98.0,98.0,99.0,100.0,100.0,102.0,104.0,107.5,112.0,116.0,279.0
12-14,LBXSCH,651,92.0,99.5,104.0,107.0,110.0,111.0,113.0,116.5,119.0,120.5,122.0,123.5,124.0,125.0,126.0,127.0,128.0,129.00000000000003,130.0,131.0,132.0,132.0,133.0,134.0,135.0,136.0,136.0,137.0,138.0,139.0,139.0,140.0,141.0,141.0,142.0,142.0,143.0,144.0,145.0,145.0,145.0,146.0,147.0,147.5,148.0,149.0,149.0,150.0,150.0,151.0,151.0,152.0,153.0,154.0,155.0,156.0,156.0,157.0,158.0,158.0,159.0,160.0,160.0,161.0,162.0,163.0,164.0,165.0,166.0,166.0,167.0,168.0,169.0,169.0,170.0,171.0,172.0,173.0,174.0,175.0,176.0,178.0,179.0,180.0,180.0,182.0,184.0,186.0,187.0,190.0,192.0,194.0,195.0,196.5,199.0,203.0,207.0,210.0,213.0,225.5,320.0
12-14,BMXHT,664,123.1,139.045,141.43,143.78900000000002,144.752,146.33,147.05599999999998,147.78199999999998,148.7,149.0,149.53,149.886,150.2,150.6,150.9,151.14499999999998,151.71599999999998,152.171,152.434,152.6,152.8,153.023,153.386,153.5,153.8,154.1,154.2,154.30100000000002,154.664,155.0,155.1,155.3,155.4,155.6,156.0,156.20499999999998,156.4,156.5,156.6,156.65699999999998,156.8,156.983,157.2,157.309,157.5,157.6,157.7,157.8,158.0,158.3,158.4,158.5,158.7,158.9,159.2,159.3,159.6,159.7,160.0,160.1,160.3,160.5,160.6,160.7,160.9,161.1,161.2,161.32100000000003,161.5,161.647,161.9,162.1,162.4,162.6,162.762,162.925,163.188,163.40200000000002,163.7,163.9,164.04,164.3,164.4,164.5,164.8,165.05499999999998,165.318,165.5,165.8,166.2,166.6,166.866,167.49200000000002,168.359,169.12199999999999,169.685,170.544,171.4,172.374,174.637,181.8
12-14,BMXWT,665,24.7,32.4,36.1,37.192,38.480000000000004,39.36,40.052,40.7,41.224000000000004,41.8,42.24,42.908,43.568,44.032000000000004,44.496,45.2,45.5,45.876,46.252,46.616,47.18000000000001,47.5,48.1,48.372,48.836,49.1,49.464,49.628,49.9,50.156,50.22,50.5,50.748000000000005,51.112,51.476,51.8,52.1,52.2,52.6,52.896,53.2,53.4,53.588,53.9,54.11600000000001,54.4,54.7,55.0,55.37199999999999,55.936,56.3,56.7,57.156000000000006,57.4,57.956,58.42,58.684000000000005,58.9,59.31199999999999,59.676,60.3,60.407999999999994,61.0,61.4,61.7,62.260000000000005,62.524,62.98800000000001,63.5,64.0,64.4,64.9,65.824,66.4,66.672,67.1,67.864,69.128,70.0,70.4,70.72000000000001,71.75200000000001,72.44800000000001,73.224,74.376,75.84,76.60399999999998,77.53599999999999,78.3,79.39200000000001,80.96000000000001,81.6,83.01599999999999,86.10799999999999,88.532,91.75999999999999,95.544,99.008,105.55600000000007,111.9,126.8
12-14,BMXWAIST,647,55.2,58.976,60.391999999999996,61.7,62.5,63.3,63.775999999999996,64.122,64.568,65.11399999999999,65.6,65.906,66.452,66.598,66.7,67.0,67.436,67.7,68.228,68.5,68.82000000000001,69.3,69.5,69.9,70.004,70.35,70.59599999999999,71.0,71.2,71.5,71.88,72.026,72.2,72.4,72.7,73.11,73.3,73.502,73.748,74.0,74.1,74.48599999999999,74.63199999999999,74.9,75.124,75.57,75.8,76.32400000000001,76.8,77.0,77.2,77.5,77.7,77.8,78.2,78.46000000000001,78.976,79.2,79.3,79.61399999999999,80.0,80.406,80.8,81.19600000000001,81.4,81.89000000000001,82.172,82.682,83.128,83.5,84.03999999999999,84.63199999999999,85.0,85.5,86.02400000000002,87.05,87.4,88.384,89.0,89.668,90.08,91.2,91.94399999999999,92.5,92.764,93.51,93.91199999999999,95.10199999999999,96.048,96.794,97.03999999999999,97.986,98.7,99.73400000000002,101.624,103.91999999999989,105.216,110.534,113.54000000000002,118.0,125.7
12-14,BP_SYS,628,61.0,82.27,86.0,88.0,89.0,90.0,90.0,92.0,92.0,93.0,94.0,94.0,94.24,95.0,96.0,96.0,96.0,96.0,97.0,97.0,97.0,98.0,98.0,98.0,98.47999999999999,99.0,99.0,100.0,100.0,100.0,100.0,100.0,101.0,101.0,101.0,101.0,102.0,102.0,102.0,102.0,102.0,103.0,103.0,103.0,103.0,104.0,104.0,104.0,104.0,104.0,104.0,105.0,105.0,105.0,106.0,106.0,106.0,106.0,106.0,106.0,106.0,106.0,107.0,107.0,107.0,108.0,108.0,108.0,108.0,108.0,108.0,109.0,110.0,110.0,110.0,111.0,111.0,112.0,112.0,112.0,113.0,113.0,114.0,114.0,114.0,114.0,115.0,115.0,116.0,116.0,116.0,117.0,117.84000000000003,118.0,119.0,120.0,120.0,121.0,124.0,125.0,135.0
12-14,BP_DIA,628,5.397605346934028e-79,36.54,40.0,43.62,46.0,47.35,48.0,49.89000000000001,50.0,51.0,52.0,52.0,52.0,53.0,54.0,54.0,54.0,54.0,55.0,55.0,56.0,56.0,56.0,56.0,56.0,56.0,57.0,57.0,57.56000000000003,58.0,58.0,58.0,58.0,58.0,59.0,59.0,59.0,60.0,60.0,60.0,60.0,60.0,60.0,61.0,61.0,61.0,61.0,62.0,62.0,62.0,62.0,62.0,62.0,63.0,63.0,63.0,64.0,64.0,64.0,64.0,64.0,64.0,64.0,64.00999999999999,65.0,65.0,66.0,66.0,66.0,66.0,66.0,66.0,66.0,67.0,67.0,67.0,67.0,67.0,68.0,68.0,68.0,68.0,69.0,69.0,70.0,70.0,71.0,71.0,72.0,72.0,72.0,73.0,74.0,74.0,75.0,76.0,77.0,79.0,81.46000000000004,83.73000000000002,99.0
12-14,BODY_IRON,671,-7.440723191319786,-4.462693155712051,-2.0996196239866083,-0.9493847316326738,-0.1625943400718375,0.07097954335115166,0.5574175822796035,0.8889034021194444,1.0987896494036027,1.3646627243562506,1.5782600846135264,1.732303410472558,2.113397336436435,2.366310599320903,2.6916832423762234,2.9481635093071095,3.212358371508957,3.4415944918548567,3.6450859787119976,3.740179088973943,3.8612674118691546,3.938609163426074,4.07861200967945,4.238569458675593,4.357030376091148,4.484288452375578,4.599475934206424,4.726010330986222,4.788911629461227,4.885354935261572,4.982724348586993,5.058170525151698,5.151688103500416,5.258649876072228,5.342868306160729,5.41072169234076,5.463524047728636,5.52193636437212,5.608310088825457,5.762917172984454,5.871363939460816,5.919767290542262,6.028117859272438,6.105129825805995,6.164335761265834,6.220841926563258,6.365750335379724,6.418904604673807,6.4863569782533785,6.555759788360322,6.665136092029006,6.756580000045702,6.905545035982375,6.968246869869556,7.059496883528445,7.145939703502409,7.179014502251609,7.256666769795012,7.29912008467087,7.334941682770888,7.434707075060574,7.472042220882842,7.535614703726245,7.618547732999873,7.6737977676375575,7.733203916301924,7.769199706206141,7.855554352004282,7.916904915967384,7.9703144254728455,8.033563602849139,8.076992743618463,8.118343567175673,8.188643398394989,8.270083307047457,8.35673643410264,8.436678546508446,8.476203248050675,8.540841214550303,8.609849426955728,8.714018329308702,8.807423465274043,8.887025326470644,8.987890437621942,9.049699537537773,9.122167379114792,9.186373143103577,9.262352610184129,9.343533299490787,9.429506944282975,9.51742816395206,9.667686868232483,9.991534366010555,10.171343863995032,10.489954724971023,10.675807306082527,10.803274937461014,10.993544419628844,11.13585835344868,11.533334986221625,12.869547645683472
15-17,LBXWBCSI,702,2.7,3.7,3.9019999999999997,4.2,4.5,4.6,4.7,4.8,4.9,4.9,5.0,5.011,5.1,5.2,5.3,5.3,5.4,5.5,5.5,5.5,5.6,5.6,5.7,5.8,5.8,5.8,5.9,5.9,5.9280000000000035,6.0,6.1,6.2,6.2,6.3,6.3,6.4,6.4,6.5,6.5,6.6,6.6,6.7,6.7,6.8,6.8,6.9,7.0,7.0,7.0,7.1,7.15,7.2,7.3,7.3,7.354000000000002,7.4,7.4,7.5,7.5,7.6,7.7,7.7,7.8,7.9,7.9,7.9,8.0,8.0,8.1,8.2,8.2,8.3,8.3,8.3,8.4,8.5,8.5,8.6,8.6,8.7,8.8,8.8,8.9,9.0,9.084000000000003,9.1,9.2,9.3,9.4,9.6,9.7,9.9,10.0,10.2,10.4,10.6,10.9,11.294000000000006,12.1,12.499,14.0
15-17,LBXLYPCT,702,11.0,15.3,17.11,18.6,19.208,20.5,20.817999999999998,21.5,21.9,22.309,22.7,23.1,23.312,23.913,24.214000000000002,24.615000000000002,25.0,25.3,25.6,25.819,26.2,26.3,26.7,27.0,27.2,27.4,27.726000000000003,28.1,28.2,28.4,28.5,28.6,28.9,28.933,29.2,29.335,29.535999999999998,29.7,30.038,30.2,30.4,30.540999999999997,30.9,31.0,31.2,31.244999999999997,31.446,31.7,31.9,32.0,32.3,32.5,32.6,32.753,33.0,33.255,33.4,33.6,33.7,33.9,34.059999999999995,34.3,34.7,34.8,35.0,35.1,35.4,35.667,35.8,35.9,36.0,36.370999999999995,36.5,36.74599999999999,37.0,37.2,37.376,37.6,37.977999999999994,38.2,38.4,38.68100000000001,39.2,39.4,39.984,40.3,40.7,41.2,41.588,42.388999999999996,42.78999999999999,43.191,43.7,44.6,45.487999999999985,46.19499999999999,47.08799999999998,48.67300000000003,49.9,52.69000000000001,67.6
15-17,LBXMOPCT,702,3.6,4.5,4.7,4.803,5.1,5.2,5.3,5.4,5.5,5.6,5.7,5.8,5.9,6.0,6.0,6.1,6.1,6.2,6.2,6.2,6.3,6.3,6.3,6.4,6.4,6.5,6.5,6.6,6.6,6.7,6.7,6.7,6.7,6.8,6.8,6.834999999999999,6.9,6.9,7.0,7.0,7.0,7.1,7.1,7.2,7.2,7.244999999999999,7.3,7.3,7.347999999999996,7.4,7.4,7.5,7.6,7.6,7.654000000000002,7.7,7.8,7.8,7.9,7.9,8.0,8.0,8.1,8.1,8.2,8.2,8.2,8.3,8.4,8.4,8.5,8.570999999999998,8.6,8.7,8.8,8.8,8.9,8.976999999999999,9.0,9.1,9.180000000000007,9.3,9.4,9.482999999999993,9.6,9.7,9.8,9.9,10.0,10.2,10.4,10.5,10.6,10.8,11.1,11.4,11.69599999999999,12.097000000000003,12.598,13.2,17.8
15-17,LBXNEPCT,702,17.3,33.302,37.506,39.306,40.608000000000004,41.41,42.512,43.6,44.0,44.609,44.91,45.6,46.224000000000004,46.913,47.3,47.730000000000004,48.116,48.4,48.618,49.219,49.5,49.821,50.122,50.523,50.9,51.3,51.426,51.7,52.028000000000006,52.428999999999995,52.6,53.031,53.331999999999994,53.6,53.8,53.934999999999995,54.0,54.2,54.5,54.739,54.940000000000005,55.2,55.442,55.7,55.9,56.0,56.3,56.4,56.748,56.949,57.2,57.3,57.6,57.9,58.0,58.155,58.5,58.5,58.7,58.858999999999995,59.0,59.261,59.4,59.763,60.0,60.1,60.4,60.7,60.968,61.1,61.5,61.7,61.971999999999994,62.1,62.3,62.6,62.8,63.0,63.278,63.5,63.8,64.18100000000001,64.482,64.883,65.2,65.7,66.1,66.5,66.688,66.989,67.5,68.391,68.9,69.3,70.1,70.5,71.392,72.59100000000001,73.19600000000001,75.394,82.3
15-17,LBXEOPCT,702,5.397605346934028e-79,0.3,0.4,0.5,0.5,0.6,0.6,0.6,0.7,0.7,0.7,0.8,0.8,0.8,0.9,0.9,0.9,0.9,0.9,1.0,1.0,1.0,1.0,1.1,1.1,1.1,1.1,1.2,1.2,1.2,1.2,1.3,1.3,1.3,1.4,1.4,1.4,1.4,1.5,1.5,1.5,1.5,1.6,1.6,1.6,1.7,1.7,1.7,1.7,1.8,1.8,1.850999999999999,1.9,1.9,1.954000000000002,2.0,2.0,2.1,2.1,2.2,2.2,2.2,2.3,2.3,2.4,2.4,2.4,2.5,2.5,2.6,2.6,2.7,2.8,2.9,2.9,2.975,3.0,3.0,3.1779999999999973,3.2,3.3,3.4,3.5,3.6,3.7,3.9,4.1,4.3,4.5,4.788999999999999,5.0,5.1,5.292000000000007,5.6,6.0,6.3,6.5,6.897000000000003,8.398000000000001,10.999,19.1
15-17,LBXBAPCT,702,0.2,0.20099999999999998,0.3,0.3,0.3,0.3,0.4,0.4,0.4,0.4,0.4,0.4,0.4,0.4,0.4,0.4,0.4,0.5,0.5,0.5,0.5,0.5,0.5,0.5,0.5,0.5,0.5,0.5,0.5,0.5,0.5,0.5,0.5,0.5330000000000013,0.6,0.6,0.6,0.6,0.6,0.6,0.6,0.6,0.6,0.6,0.6,0.6,0.6,0.6,0.6,0.6,0.7,0.7,0.7,0.7,0.7,0.7,0.7,0.7,0.7,0.7,0.7,0.7,0.7,0.7,0.8,0.8,0.8,0.8,0.8,0.8,0.8,0.8,0.8,0.8,0.8,0.8,0.9,0.9,0.9,0.9,0.9,0.9,0.9,0.9,0.9,1.0,1.0,1.0,1.0,1.0,1.0,1.1,1.1,1.1,1.1,1.2,1.2,1.2,1.3,1.4,3.1
15-17,LBXRBCSI,702,3.63,3.8304,3.9402,4.0203,4.05,4.09,4.1006,4.13,4.1408,4.17,4.17,4.19,4.2,4.21,4.22,4.23,4.25,4.26,4.27,4.28,4.29,4.3,4.31,4.32,4.3324,4.35,4.36,4.37,4.38,4.38,4.39,4.3931,4.4032,4.42,4.43,4.4435,4.45,4.46,4.47,4.48,4.49,4.504099999999999,4.52,4.53,4.54,4.55,4.56,4.57,4.58,4.58,4.59,4.6,4.62,4.62,4.62,4.63,4.64,4.64,4.65,4.66,4.67,4.67,4.68,4.6863,4.69,4.7,4.7,4.72,4.73,4.74,4.74,4.75,4.76,4.77,4.78,4.79,4.8,4.82,4.83,4.84,4.85,4.86,4.88,4.89,4.9,4.91,4.93,4.94,4.95,4.96,4.989,5.01,5.059200000000001,5.07,5.1,5.129499999999999,5.16,5.2,5.359400000000001,5.4299,6.38
15-17,LBXHGB,702,7.6,9.4,9.8,10.2,10.404,10.705,10.906,11.007000000000001,11.2,11.2,11.3,11.4,11.5,11.6,11.7,11.8,11.9,12.0,12.0,12.0,12.1,12.1,12.2,12.2,12.3,12.3,12.3,12.4,12.4,12.429,12.5,12.5,12.6,12.6,12.7,12.7,12.7,12.7,12.8,12.8,12.840000000000003,12.9,12.9,12.9,13.0,13.0,13.0,13.0,13.1,13.1,13.1,13.2,13.2,13.2,13.2,13.2,13.3,13.3,13.3,13.3,13.4,13.4,13.4,13.5,13.5,13.5,13.5,13.5,13.6,13.6,13.6,13.6,13.6,13.7,13.7,13.7,13.8,13.8,13.8,13.9,13.9,14.0,14.0,14.0,14.1,14.1,14.1,14.2,14.2,14.3,14.389999999999999,14.4,14.5,14.593000000000005,14.6,14.7,14.8,14.9,15.098,15.299000000000001,15.7
15-17,LBXHCT,702,26.2,30.101000000000003,31.404,32.109,33.104,33.6,33.8,34.2,34.3,34.5,34.809999999999995,35.1,35.3,35.5,35.614000000000004,35.9,36.1,36.117000000000004,36.4,36.5,36.6,36.7,36.8,36.9,37.0,37.1,37.2,37.227000000000004,37.4,37.5,37.7,37.8,37.8,37.9,38.0,38.1,38.2,38.3,38.337999999999994,38.4,38.5,38.641,38.7,38.8,38.8,38.9,39.0,39.0,39.147999999999996,39.2,39.3,39.3,39.4,39.453,39.5,39.555,39.6,39.7,39.8,39.8,39.9,39.9,40.0,40.0,40.164,40.2,40.3,40.4,40.468,40.5,40.57,40.6,40.7,40.873,40.9,41.0,41.1,41.177,41.2,41.3,41.4,41.5,41.6,41.7,41.8,41.9,42.0,42.1,42.2,42.3,42.5,42.791,43.0,43.1,43.3,43.5,43.7,43.897,44.296,44.798,47.3
15-17,LBXMCVSI,702,56.2,64.307,67.20400000000001,70.0,70.508,72.43,73.806,74.521,75.9,76.209,77.01,77.4,77.972,78.7,79.1,79.915,80.21600000000001,80.6,80.7,81.019,81.22,81.421,81.8,82.1,82.2,82.5,82.6,82.8,83.1,83.3,83.5,83.7,83.9,84.0,84.2,84.4,84.5,84.6,84.7,84.8,84.9,85.1,85.2,85.3,85.444,85.6,85.6,85.747,85.8,85.9,86.05,86.2,86.3,86.4,86.6,86.7,86.8,86.9,87.05799999999999,87.1,87.2,87.3,87.4,87.563,87.6,87.7,87.8,88.0,88.1,88.2,88.4,88.6,88.672,88.8,88.9,89.0,89.1,89.3,89.5,89.6,89.8,90.0,90.1,90.3,90.48400000000001,90.585,90.7,90.9,91.2,91.3,91.58999999999999,91.7,91.9,92.2,92.4,92.78999999999998,93.29599999999999,94.094,95.19800000000001,97.19800000000001,101.1
15-17,LBXMC,702,28.9,30.4,30.8,31.1,31.4,31.5,31.6,31.6,31.7,31.8,31.9,32.0,32.1,32.1,32.2,32.2,32.3,32.4,32.5,32.5,32.5,32.6,32.6,32.6,32.6,32.7,32.7,32.8,32.8,32.8,32.8,32.9,32.9,32.9,32.9,32.9,33.0,33.0,33.038,33.1,33.1,33.1,33.2,33.2,33.2,33.2,33.3,33.3,33.3,33.3,33.3,33.4,33.4,33.4,33.5,33.5,33.5,33.5,33.6,33.6,33.6,33.6,33.6,33.7,33.7,33.7,33.7,33.7,33.768,33.8,33.8,33.8,33.87199999999999,33.9,33.9,33.9,33.9,34.0,34.0,34.07900000000001,34.1,34.1,34.1,34.2,34.2,34.2,34.3,34.3,34.388,34.4,34.4,34.5,34.592000000000006,34.6,34.6,34.7,34.79599999999999,34.897,35.0,35.399,36.3
15-17,LBXMCHSI,702,16.3,20.1,21.0,21.6,22.2,22.705,23.6,24.1,24.208,24.609,25.0,25.3,25.5,25.6,25.9,26.0,26.116,26.4,26.4,26.519,26.6,26.7,26.9,27.0,27.2,27.325,27.4,27.5,27.6,27.6,27.7,27.7,27.8,27.8,27.9,27.9,28.0,28.1,28.2,28.238999999999997,28.3,28.4,28.4,28.5,28.5,28.6,28.6,28.7,28.8,28.8,28.8,28.9,28.9,29.0,29.0,29.1,29.1,29.2,29.258,29.3,29.3,29.4,29.4,29.4,29.5,29.5,29.6,29.6,29.7,29.7,29.77,29.8,29.871999999999996,29.9,30.0,30.1,30.1,30.1,30.1,30.2,30.3,30.3,30.4,30.5,30.5,30.6,30.7,30.7,30.8,30.9,31.0,31.1,31.1,31.3,31.4,31.5,31.595999999999993,31.797000000000004,32.0,32.799,35.6
15-17,LBXRDW,702,11.5,12.0,12.1,12.2,12.3,12.3,12.4,12.4,12.5,12.5,12.5,12.5,12.5,12.6,12.6,12.6,12.7,12.7,12.7,12.719,12.8,12.8,12.8,12.8,12.8,12.9,12.9,12.9,12.9,12.9,13.0,13.0,13.0,13.0,13.0,13.0,13.1,13.1,13.1,13.1,13.2,13.2,13.2,13.3,13.3,13.3,13.3,13.3,13.3,13.4,13.4,13.4,13.4,13.5,13.5,13.5,13.5,13.6,13.6,13.658999999999997,13.7,13.7,13.7,13.763,13.8,13.8,13.8,13.867000000000003,13.9,13.9,14.0,14.0,14.1,14.1,14.2,14.2,14.2,14.3,14.3,14.479000000000008,14.5,14.6,14.7,14.8,14.9,15.0,15.086,15.2,15.4,15.5,15.6,15.8,16.09200000000001,16.293000000000006,16.5,16.894999999999992,17.39199999999998,18.197000000000003,19.298000000000002,19.898,36.5
15-17,LBXPLTSI,702,81.0,156.01,173.06,185.03,189.0,191.0,194.0,196.0,199.07999999999998,202.09,204.0,206.0,209.0,211.0,214.0,218.14999999999998,222.0,223.17000000000002,226.0,226.19,228.0,230.0,232.0,234.0,235.0,237.0,238.26000000000002,242.0,243.28000000000003,245.29,247.29999999999998,249.0,250.0,251.0,253.0,254.0,254.71999999999997,257.0,258.0,260.0,261.0,262.0,264.0,265.0,265.44,267.0,268.0,269.0,271.0,272.49,273.5,275.0,276.0,278.0,279.0,281.0,282.0,283.57,284.58,286.0,287.0,287.0,288.0,290.0,291.0,293.0,294.0,297.0,299.0,300.0,301.0,304.0,307.0,309.0,311.0,312.0,314.0,315.77,318.0,319.0,321.80000000000007,323.0,327.81999999999994,329.8299999999999,332.84000000000003,334.0,340.0,343.87,348.0,353.78,360.79999999999995,366.90999999999997,372.0,375.93000000000006,387.0,397.0,404.9599999999999,416.94000000000005,431.96000000000004,450.98,573.0
15-17,LBXMPSI,702,6.2,6.5,6.6,6.7,6.704,6.8,6.9,7.0,7.0,7.1,7.2,7.2,7.2,7.3,7.3,7.3,7.4,7.4,7.4,7.5,7.5,7.5,7.5,7.6,7.6,7.6,7.7,7.7,7.7,7.7,7.8,7.8,7.8,7.8,7.8,7.8,7.9,7.9,7.9,7.9,7.940000000000004,8.0,8.0,8.0,8.0,8.1,8.1,8.1,8.1,8.1,8.1,8.2,8.2,8.2,8.3,8.3,8.3,8.3,8.3,8.3,8.4,8.4,8.4,8.4,8.5,8.5,8.5,8.5,8.6,8.6,8.6,8.7,8.7,8.7,8.774000000000001,8.8,8.8,8.9,8.9,8.9,8.9,9.0,9.0,9.0,9.1,9.1,9.2,9.287,9.3,9.4,9.4,9.5,9.5,9.7,9.793999999999995,9.8,9.995999999999992,10.097000000000003,10.298000000000002,10.8,12.6
15-17,LBXSGL,686,50.0,68.85,71.0,73.0,75.0,76.0,77.0,77.0,77.0,78.0,78.0,78.0,79.0,79.0,79.0,80.0,80.0,80.0,80.0,81.0,81.0,81.0,81.0,82.0,82.0,82.0,82.0,82.0,83.0,83.0,83.0,83.0,83.0,83.0,84.0,84.0,84.0,84.0,84.0,84.15000000000003,85.0,85.0,85.0,85.0,85.0,86.0,86.0,86.0,86.0,86.0,86.0,87.0,87.0,87.0,87.0,87.0,87.0,87.0,88.0,88.0,88.0,88.0,88.0,88.0,89.0,89.0,89.0,89.0,89.0,89.0,90.0,90.0,90.0,91.0,91.0,91.0,91.0,91.45000000000005,92.0,92.0,92.0,92.85000000000002,93.0,93.0,93.0,94.0,94.0,95.0,95.0,96.0,96.0,97.0,98.0,98.0,100.0,101.0,103.60000000000002,106.44999999999993,108.29999999999995,119.44999999999993,247.0
15-17,LBXSCH,685,92.0,104.84,111.0,115.0,116.36,118.0,119.03999999999999,121.0,122.72,124.0,125.0,126.0,127.0,128.0,128.0,130.0,131.0,132.0,133.0,134.96,135.0,136.0,137.0,138.0,139.0,140.0,140.0,140.68,141.0,142.0,142.2,144.0,145.0,146.0,146.0,147.0,148.0,149.0,149.0,150.0,151.0,151.0,152.0,152.12,153.0,154.8,155.0,155.0,156.0,157.0,157.0,157.0,158.0,159.0,159.36,160.0,161.0,161.0,161.0,162.0,163.0,164.0,164.0,165.0,166.0,168.0,168.0,169.0,169.12000000000006,170.0,171.0,173.0,174.0,175.32,176.0,177.0,178.0,179.0,180.0,180.36,181.20000000000005,183.0,184.88,185.72000000000003,187.55999999999995,188.39999999999998,190.0,191.0,193.0,194.0,196.0,198.0,199.27999999999997,204.0,207.0,209.0,213.27999999999997,221.0,230.31999999999994,252.35999999999933,326.0
15-17,BMXHT,697,144.1,146.46,148.59199999999998,149.8,150.3,150.88,151.4,151.8,152.16799999999998,152.6,152.66,153.0,153.3,153.6,154.044,154.44,154.8,154.9,155.1,155.348,155.72,156.0,156.1,156.108,156.3,156.4,156.696,156.892,157.0,157.3,157.4,157.6,157.872,158.2,158.3,158.46,158.6,158.7,158.9,159.2,159.3,159.4,159.5,159.628,159.824,160.0,160.2,160.3,160.40800000000002,160.6,160.8,160.9,161.3,161.5,161.684,161.8,162.0,162.272,162.3,162.5,162.6,162.856,163.0,163.2,163.4,163.6,163.636,163.8,163.928,164.1,164.3,164.516,164.8,165.108,165.3,165.5,165.696,165.9,166.088,166.3,166.48000000000002,166.9,167.2,167.6,168.0,168.3,168.6,168.952,169.3,169.644,170.0,170.5,170.9,171.6,172.048,172.4,173.2,173.712,175.716,176.95999999999995,182.0
15-17,BMXWT,697,31.6,40.076,41.676,43.676,44.2,45.28,46.303999999999995,47.044000000000004,47.768,48.2,48.5,48.956,49.4,49.9,50.288000000000004,50.839999999999996,51.2,51.6,51.9,52.324,52.6,52.9,53.212,53.5,53.9,54.3,54.5,54.8,55.2,55.5,55.9,56.3,56.4,56.868,57.064,57.46,57.8,58.1,58.4,58.744,59.040000000000006,59.3,59.632,60.128,60.4,60.8,61.1,61.312,61.708,62.20400000000001,62.5,62.7,63.084,63.688,63.9,64.3,65.0,65.57199999999999,66.068,66.664,67.1,67.512,67.852,68.2,68.5,68.8,69.1,70.232,70.784,71.324,71.7,72.01599999999999,72.612,73.408,74.30399999999999,75.1,76.2,77.57599999999998,78.1,78.5,80.22000000000003,81.856,82.972,83.66799999999999,84.264,84.98,86.66799999999998,87.604,90.6,92.144,94.46,97.036,99.29200000000003,101.66800000000005,105.08400000000002,108.95999999999994,111.532,115.796,125.35600000000002,136.316,161.9
15-17,BMXWAIST,680,57.0,63.3,64.374,65.437,66.21600000000001,66.795,67.3,67.7,68.0,68.2,68.49,69.0,69.5,69.6,69.906,70.2,70.5,70.943,71.22200000000001,71.6,71.9,72.2,72.438,72.617,72.896,72.975,73.354,73.833,74.0,74.291,74.4,74.8,75.128,75.5,75.8,76.16499999999999,76.444,76.723,77.002,77.4,77.7,77.93900000000001,78.118,78.4,78.7,79.0,79.3,79.513,79.8,80.17099999999999,80.4,80.6,80.708,81.1,81.4,81.545,82.124,82.703,83.182,83.5,84.0,84.4,84.598,85.0,85.556,86.035,86.628,87.193,87.872,88.2,88.42999999999999,89.118,89.588,89.9,90.646,91.05,91.61599999999999,92.61500000000002,93.36200000000001,94.441,95.28000000000002,96.697,97.7,98.3,99.236,100.4,101.0,102.2,104.0,105.12400000000002,107.0,108.75599999999999,109.968,112.1,114.026,115.64499999999995,117.90400000000002,121.889,127.12599999999999,133.77800000000008,152.5
15-17,BP_SYS,654,71.0,87.0,89.0,90.0,91.12,92.0,93.0,93.71000000000001,94.0,94.0,95.0,96.0,96.0,96.0,97.0,97.0,97.0,98.0,98.0,98.0,99.0,99.0,99.0,100.0,100.0,100.0,100.0,100.0,101.0,101.0,101.0,102.0,102.0,102.0,102.0,102.0,102.0,102.0,103.0,103.0,103.0,104.0,104.0,104.0,104.0,104.0,104.0,105.0,105.0,105.0,106.0,106.0,106.0,106.0,106.0,106.0,106.0,107.0,107.0,108.0,108.0,108.0,108.0,108.0,108.0,109.0,109.0,109.0,110.0,110.0,110.0,110.0,110.0,110.0,111.0,111.0,112.0,112.0,113.0,113.0,114.0,114.0,114.0,114.0,115.0,115.0,116.0,116.0,116.0,116.0,118.0,118.0,118.75999999999999,120.0,120.0,121.0,122.88,124.0,125.93999999999994,127.47000000000003,140.0
15-17,BP_DIA,654,32.0,43.06,46.0,48.0,49.0,50.0,51.0,52.0,53.0,54.0,54.0,54.0,55.0,56.0,56.0,56.0,56.0,56.010000000000005,57.0,57.0,58.0,58.0,58.0,58.0,59.0,59.0,59.0,59.0,60.0,60.0,60.0,60.0,61.0,61.0,61.02000000000001,62.0,62.0,62.0,62.0,63.0,63.0,63.0,63.0,63.0,64.0,64.0,64.0,64.0,64.0,64.0,64.0,64.0,65.0,65.0,65.0,65.0,66.0,66.0,66.0,66.0,66.0,67.0,67.0,67.0,67.92000000000002,68.0,68.0,68.0,68.0,68.0,68.0,68.0,69.0,69.0,69.0,70.0,70.0,70.0,70.0,70.0,71.0,71.93000000000006,72.0,72.0,72.0,73.0,73.58000000000004,74.0,74.0,74.0,75.0,76.0,76.0,76.0,77.81999999999994,79.0,79.88,82.0,82.0,85.94000000000005,106.0
15-17,BODY_IRON,703,-9.50200067766602,-5.910559232864282,-4.79455619899589,-3.880886873219249,-3.1809977497280224,-1.9700044583911889,-1.5772419776383388,-1.157373009694123,-0.29055154827969915,0.18110550515831872,0.49406809467319374,0.9403668470626787,1.1795015789076024,1.3950776622826282,1.5433423464238407,1.8644469129697725,2.1988951913465113,2.321383018555494,2.4542770919742702,2.7387520701563863,2.917374738124235,3.0179327408155627,3.229679170986897,3.4303871364108547,3.561866787395064,3.700205483728139,3.794006305962193,3.930784701200689,4.051273746093919,4.174082210914628,4.335929052702281,4.422809677430773,4.563080594463382,4.715801533378998,4.842835926661559,4.947318958536671,5.007124170951452,5.164268379122685,5.331134194061763,5.450999720492451,5.513829864464646,5.610099209879585,5.6885641452278435,5.730680319005749,5.782154810988874,5.990567995743796,6.158360997964595,6.224978078835515,6.332867052028893,6.389592015597439,6.476704731801775,6.577783290662308,6.723529067337059,6.9026466213280155,6.983127607115314,7.005611556942142,7.076096053980657,7.150495619437447,7.19422008897382,7.239610911934412,7.29863860539564,7.378554601615874,7.494513421017445,7.569840396912103,7.652463254705736,7.764515252935435,7.828583067391017,7.914256716628048,7.983998393860565,8.050309724845683,8.153874414277453,8.261354307648771,8.319689170290825,8.463793659111037,8.523056640017955,8.645847881709138,8.73947748290437,8.816963353993067,8.921727765938762,8.961382556405255,9.035776584143253,9.1872990496651,9.265959907115517,9.427631125376768,9.562285494090533,9.686008824602018,9.832502589731254,9.93502259799945,10.063879238189532,10.21723389331368,10.281388815771018,10.444660750975842,10.648550509034049,10.880850714440726,11.07559912575553,11.18287454323739,11.515051794345398,11.886542190627951,12.386986421972006,12.878600362219162,13.97526017080284
18-24,LBXWBCSI,1032,2.8,3.5,3.8,4.0,4.2,4.4,4.5,4.6,4.8,4.9,5.0,5.1,5.2,5.2,5.3,5.4,5.5,5.6,5.7,5.7,5.8,5.8,5.9,5.9,6.0,6.0,6.1,6.1,6.1,6.2,6.2,6.3,6.3,6.3,6.4,6.4,6.4,6.5,6.5,6.6,6.7,6.7,6.8,6.8,6.9,6.9,7.0,7.0,7.1,7.1,7.2,7.2,7.3,7.4,7.4,7.4,7.5,7.6,7.6,7.7,7.7600000000000025,7.8,7.9,7.9,8.0,8.1,8.1,8.2,8.2,8.3,8.4,8.401,8.5,8.6,8.7,8.7,8.8,8.9,9.0,9.1,9.2,9.211,9.4,9.5,9.7,9.8,9.9,10.097000000000003,10.2,10.3,10.4,10.6,10.85200000000001,11.1,11.3,11.644999999999992,11.9,12.206999999999994,12.7,13.6,19.0
18-24,LBXLYPCT,1031,6.0,13.39,16.48,17.49,18.2,19.15,19.68,20.01,20.8,21.37,21.8,22.1,22.6,23.0,23.3,23.6,23.8,24.1,24.2,24.5,24.7,24.929999999999996,25.2,25.4,25.6,26.0,26.2,26.4,26.640000000000004,26.869999999999997,27.1,27.4,27.6,27.790000000000003,27.9,28.05,28.2,28.5,28.6,28.8,29.0,29.129999999999995,29.3,29.4,29.6,29.8,30.0,30.11,30.3,30.5,30.6,30.829999999999995,31.1,31.4,31.6,31.9,32.18000000000001,32.40999999999999,32.6,32.8,33.2,33.4,33.7,34.0,34.1,34.5,34.6,34.9,35.14000000000001,35.4,35.7,35.8,36.1,36.2,36.6,36.9,37.1,37.510000000000005,37.7,38.0,38.3,38.830000000000005,39.25999999999999,39.6,40.0,40.3,40.6,41.0,41.3,42.1,42.8,43.1,44.3,45.09000000000001,45.8,46.4,46.9,48.71000000000001,50.339999999999996,53.700000000000045,62.4
18-24,LBXMOPCT,1031,3.6,4.1,4.46,4.7,4.9,5.0,5.0,5.1,5.2,5.3,5.3,5.4,5.5,5.5,5.6,5.7,5.7,5.8,5.8,5.9,5.9,6.0,6.0,6.1,6.2,6.2,6.3,6.3,6.4,6.4,6.4,6.5,6.5,6.6,6.7,6.7,6.7,6.8,6.8,6.869999999999999,6.9,7.0,7.0,7.0,7.1,7.1,7.1,7.2,7.2,7.3,7.3,7.3,7.4,7.5,7.5,7.6,7.6,7.7,7.7,7.8,7.8,7.9,7.9,8.0,8.0,8.1,8.1,8.2,8.3,8.3,8.4,8.5,8.5,8.5,8.6,8.7,8.7,8.8,8.9,8.9,9.0,9.1,9.15999999999999,9.3,9.4,9.5,9.6,9.7,9.739999999999998,9.9,10.1,10.2,10.4,10.590000000000009,10.8,11.0,11.3,11.71,12.9,14.070000000000004,19.3
18-24,LBXNEPCT,1031,24.5,32.400000000000006,37.56,39.09,40.22,41.25,42.1,43.309999999999995,43.88,44.67,45.5,46.03,46.7,47.29,47.7,48.2,48.6,48.910000000000004,49.4,49.67,50.0,50.43,50.8,51.2,51.419999999999995,51.8,52.0,52.4,52.7,52.9,53.2,53.53,53.8,54.1,54.42,54.9,55.080000000000005,55.5,55.7,56.0,56.2,56.5,56.8,57.1,57.2,57.45,57.6,57.9,58.2,58.4,58.6,58.9,59.1,59.489999999999995,59.7,59.8,60.1,60.2,60.3,60.6,60.8,61.0,61.3,61.5,61.7,61.9,62.1,62.3,62.5,62.7,62.9,63.2,63.5,63.6,63.82,64.0,64.27999999999999,64.51,65.0,65.3,65.6,66.0,66.2,66.58999999999999,66.8,67.1,67.47999999999999,67.81,68.3,68.5,68.9,69.53,70.06,70.68000000000002,71.1,72.0,73.0,74.13,75.24,79.82000000000008,87.2
18-24,LBXEOPCT,1031,5.397605346934028e-79,0.3,0.4,0.4,0.5,0.5,0.6,0.6,0.6,0.7,0.7,0.7,0.8,0.8,0.8,0.9,0.9,0.9,0.9,1.0,1.0,1.0,1.0,1.1,1.1,1.1,1.2,1.2,1.2,1.2,1.3,1.3,1.3,1.3,1.3,1.4,1.4,1.4100000000000021,1.5,1.5,1.5,1.6,1.6,1.6,1.7,1.7,1.7,1.7,1.8,1.8,1.8,1.8299999999999954,1.9,1.9,1.9,2.0,2.0,2.009999999999991,2.1,2.1,2.2,2.2,2.3,2.3,2.3,2.4,2.4,2.5,2.5,2.5,2.6,2.6,2.7,2.7,2.8,2.8499999999999996,2.9,3.0,3.1,3.2,3.3,3.3,3.4,3.5,3.6,3.7,3.9,4.0100000000000025,4.2,4.4,4.5,4.6600000000000135,4.9,5.190000000000009,5.3,5.9,6.4,7.1,8.239999999999998,10.1,18.4
18-24,LBXBAPCT,1031,0.1,0.2,0.3,0.3,0.3,0.3,0.3,0.4,0.4,0.4,0.4,0.4,0.4,0.4,0.4,0.4,0.5,0.5,0.5,0.5,0.5,0.5,0.5,0.5,0.5,0.5,0.5,0.5,0.5,0.5,0.5,0.5,0.5,0.6,0.6,0.6,0.6,0.6,0.6,0.6,0.6,0.6,0.6,0.6,0.6,0.6,0.6,0.6,0.6,0.7,0.7,0.7,0.7,0.7,0.7,0.7,0.7,0.7,0.7,0.7,0.7,0.7,0.7,0.7,0.8,0.8,0.8,0.8,0.8,0.8,0.8,0.8,0.8,0.8,0.8,0.8,0.9,0.9,0.9,0.9,0.9,0.9,0.9,0.9,0.9,1.0,1.0,1.0,1.0,1.0,1.1,1.1,1.1,1.1,1.1,1.2,1.2,1.3,1.4,1.6,2.4
18-24,LBXRBCSI,1032,3.39,3.75,3.8262,3.9086000000000003,3.96,3.99,4.02,4.04,4.07,4.09,4.13,4.14,4.15,4.16,4.1834,4.2,4.21,4.22,4.23,4.24,4.26,4.27,4.29,4.3,4.31,4.3175,4.33,4.34,4.35,4.35,4.36,4.37,4.38,4.39,4.4,4.41,4.41,4.43,4.44,4.44,4.45,4.46,4.47,4.47,4.48,4.49,4.5,4.51,4.52,4.53,4.54,4.55,4.5512,4.56,4.57,4.58,4.59,4.6,4.6,4.61,4.63,4.64,4.65,4.66,4.67,4.68,4.69,4.69,4.7,4.7039,4.72,4.73,4.74,4.75,4.76,4.77,4.78,4.79,4.8,4.8149,4.82,4.83,4.84,4.85,4.87,4.89,4.9,4.92,4.94,4.96,4.98,5.0021,5.025200000000001,5.0483,5.07,5.1,5.1376,5.21,5.36,5.528999999999994,6.19
18-24,LBXHGB,1032,6.7,9.0,9.9,10.293000000000001,10.6,10.9,11.1,11.3,11.4,11.5,11.6,11.641,11.7,11.8,11.9,11.9,12.0,12.0,12.1,12.189,12.2,12.2,12.3,12.3,12.4,12.4,12.4,12.5,12.5,12.6,12.6,12.6,12.7,12.7,12.7,12.7,12.8,12.8,12.8,12.8,12.8,12.9,12.9,12.9,12.9,12.995,13.0,13.0,13.0,13.1,13.1,13.1,13.2,13.2,13.2,13.2,13.3,13.3,13.3,13.3,13.4,13.4,13.4,13.4,13.5,13.5,13.5,13.5,13.6,13.6,13.6,13.600999999999999,13.7,13.7,13.7,13.7,13.8,13.8,13.8,13.9,13.9,13.9,14.0,14.0,14.0,14.1,14.1,14.2,14.2,14.3,14.389999999999999,14.4,14.5,14.5,14.6,14.7,14.8,15.0,15.1,15.268999999999995,16.5
18-24,LBXHCT,1032,24.7,29.393,31.362,32.4,32.948,33.555,34.086,34.317,34.6,35.0,35.1,35.4,35.5,35.8,35.9,36.1,36.296,36.5,36.6,36.7,36.82,37.0,37.1,37.1,37.2,37.3,37.4,37.5,37.6,37.7,37.7,37.8,37.9,37.923,38.0,38.1,38.2,38.2,38.3,38.4,38.4,38.5,38.5,38.6,38.7,38.8,38.9,38.957,39.0,39.1,39.2,39.3,39.4,39.5,39.5,39.6,39.636,39.766999999999996,39.8,39.9,40.0,40.0,40.1,40.2,40.284,40.3,40.4,40.4,40.5,40.6,40.7,40.701,40.8,40.9,40.9,41.0,41.2,41.287,41.3,41.4,41.4,41.5,41.6,41.7,41.8,41.9,42.0,42.1,42.228,42.4,42.6,42.721000000000004,42.9,43.083000000000006,43.3,43.544999999999995,43.9,44.2,44.5,44.968999999999994,50.3
18-24,LBXMCVSI,1032,35.4,64.92399999999999,67.262,69.6,71.524,73.31,74.7,76.434,77.548,78.279,78.91000000000001,79.5,79.872,80.303,80.8,80.9,81.496,81.727,82.1,82.3,82.6,82.8,83.0,83.4,83.5,83.7,83.8,84.0,84.1,84.29899999999999,84.4,84.6,84.7,84.82300000000001,85.0,85.1,85.216,85.4,85.5,85.7,85.84,85.9,86.0,86.2,86.2,86.3,86.4,86.5,86.688,86.819,87.1,87.2,87.3,87.4,87.6,87.7,87.736,87.8,87.9,88.0,88.1,88.2,88.3,88.4,88.5,88.6,88.7,88.8,88.808,89.0,89.1,89.2,89.3,89.5,89.594,89.7,89.8,89.9,90.0,90.1,90.2,90.31099999999999,90.5,90.67299999999999,90.8,91.2,91.3,91.5,91.7,91.9,92.19,92.5,92.65200000000002,92.88300000000001,93.314,93.6,94.176,95.00699999999999,95.5,96.51399999999997,104.8
18-24,LBXMC,1032,25.2,30.6,30.9,31.2,31.4,31.5,31.686,31.8,31.8,32.0,32.0,32.1,32.2,32.2,32.3,32.4,32.4,32.5,32.5,32.5,32.6,32.6,32.6,32.7,32.7,32.7,32.706,32.8,32.8,32.9,32.9,32.9,33.0,33.0,33.0,33.0,33.016,33.1,33.1,33.2,33.2,33.2,33.2,33.2,33.3,33.3,33.3,33.3,33.4,33.4,33.4,33.4,33.4,33.5,33.5,33.5,33.5,33.6,33.6,33.6,33.6,33.6,33.7,33.7,33.7,33.7,33.7,33.8,33.8,33.8,33.8,33.8,33.9,33.9,33.9,33.9,34.0,34.0,34.0,34.0,34.0,34.1,34.1,34.2,34.2,34.2,34.2,34.3,34.3,34.4,34.4,34.5,34.5,34.6,34.6,34.7,34.8,34.9,35.0,35.2,36.3
18-24,LBXMCHSI,1032,12.4,20.031,20.9,22.1,22.524,23.2,23.8,24.3,24.948,25.3,25.6,25.9,26.1,26.3,26.5,26.6,26.796000000000003,26.9,27.0,27.1,27.2,27.3,27.381999999999998,27.5,27.544,27.6,27.7,27.8,27.868,28.0,28.0,28.1,28.192,28.2,28.3,28.4,28.5,28.546999999999997,28.6,28.7,28.7,28.7,28.8,28.9,28.9,28.9,29.0,29.0,29.1,29.1,29.2,29.2,29.3,29.3,29.3,29.4,29.4,29.5,29.5,29.5,29.6,29.6,29.622000000000003,29.7,29.7,29.8,29.8,29.9,29.9,30.0,30.0,30.0,30.1,30.1,30.2,30.3,30.3,30.4,30.4,30.449,30.5,30.6,30.6,30.7,30.7,30.8,30.9,30.9,31.0,31.0,31.1,31.2,31.3,31.4,31.5,31.8,31.9,32.1,32.4,32.76899999999999,34.3
18-24,LBXRDW,1032,11.4,12.0,12.2,12.293000000000001,12.3,12.3,12.4,12.4,12.5,12.5,12.5,12.6,12.6,12.6,12.6,12.7,12.7,12.7,12.758,12.8,12.8,12.8,12.8,12.8,12.9,12.9,12.9,12.9,12.9,13.0,13.0,13.0,13.0,13.0,13.1,13.1,13.1,13.1,13.1,13.1,13.2,13.2,13.2,13.2,13.2,13.3,13.3,13.3,13.3,13.4,13.4,13.4,13.4,13.4,13.5,13.5,13.5,13.5,13.6,13.6,13.6,13.6,13.7,13.7,13.7,13.8,13.8,13.9,13.9,13.9,14.0,14.0,14.0,14.1,14.1,14.2,14.2,14.3,14.3,14.4,14.5,14.5,14.6,14.7,14.8,14.9,15.0,15.197000000000003,15.4,15.6,15.8,15.921000000000005,16.2,16.4,16.8,17.1,17.476,17.806999999999995,18.5,20.068999999999996,26.0
18-24,LBXPLTSI,1032,61.0,144.0,159.0,165.93,174.48000000000002,180.55,186.0,190.17000000000002,194.0,198.79,202.0,204.0,206.0,208.0,211.34,214.0,215.0,216.27,218.57999999999998,220.89000000000001,222.0,224.0,226.0,228.0,230.0,231.0,233.0,235.0,236.0,237.0,239.0,241.0,242.0,244.0,246.0,248.0,249.0,251.0,252.0,253.0,254.40000000000003,256.0,258.0,259.0,260.0,261.95,263.0,264.0,265.0,267.0,268.0,269.0,270.0,272.0,273.0,275.0,276.0,277.66999999999996,278.9799999999999,280.0,283.0,284.0,286.0,287.0,289.0,292.0,293.0,295.7700000000001,298.0,299.0,301.0,303.0,306.31999999999994,308.0,309.93999999999994,311.0,313.0,315.87,319.0,322.0,324.0,328.0,330.0,332.0,335.0,339.0,340.0,344.97,348.0,351.59000000000003,356.79999999999995,360.21000000000004,367.0,372.0,376.14,383.3499999999998,393.76,402.06999999999994,423.14,456.0699999999998,664.0
18-24,LBXMPSI,1032,6.1,6.6,6.7,6.8,6.9,6.9,7.0,7.1,7.1,7.1,7.2,7.2,7.3,7.3,7.3,7.4,7.4,7.5,7.5,7.5,7.6,7.6,7.6,7.6,7.7,7.7,7.7,7.7,7.8,7.8,7.830000000000001,7.9,7.9,7.9,7.9,7.9,7.9,8.0,8.0,8.0,8.040000000000003,8.1,8.1,8.1,8.1,8.2,8.2,8.2,8.2,8.2,8.2,8.3,8.3,8.3,8.3,8.3,8.4,8.4,8.4,8.4,8.4,8.5,8.5,8.5,8.5,8.6,8.6,8.6,8.6,8.7,8.7,8.7,8.7,8.8,8.8,8.8,8.9,8.9,8.918000000000006,9.0,9.0,9.1,9.1,9.2,9.203999999999995,9.3,9.3,9.4,9.4,9.5,9.5,9.6,9.7,9.8,9.8,9.9,10.075999999999999,10.2,10.4,10.8,11.6
18-24,LBXSGL,1017,52.0,64.32,70.0,71.0,73.0,74.0,74.0,75.0,76.0,76.0,77.0,77.0,78.0,78.0,79.0,79.0,79.0,79.0,80.0,80.0,80.0,80.0,81.0,81.0,81.0,81.0,81.0,82.0,82.0,82.0,82.0,83.0,83.0,83.0,83.0,83.0,84.0,84.0,84.0,84.0,84.0,84.0,85.0,85.0,85.0,85.0,85.0,85.0,86.0,86.0,86.0,86.0,86.0,87.0,87.0,87.0,87.0,87.0,87.0,88.0,88.0,88.0,88.0,89.0,89.0,89.0,89.0,89.0,89.0,89.03999999999996,90.0,90.0,90.0,91.0,91.0,91.0,91.0,92.0,92.0,92.0,92.80000000000007,93.0,93.0,94.0,94.0,94.0,95.0,95.91999999999996,96.0,97.0,97.0,98.0,99.0,101.0,102.0,103.0,106.0,109.0,113.0,122.84000000000003,382.0
18-24,LBXSCH,1014,90.0,106.0,109.0,112.0,115.0,119.65,122.0,124.91000000000001,127.0,130.0,131.0,132.0,133.0,134.0,135.0,136.95,137.0,138.21,139.0,140.0,141.0,142.0,143.0,143.0,144.0,145.0,146.0,147.0,147.0,148.0,149.0,150.0,150.0,151.0,152.0,152.0,153.0,154.0,155.0,155.0,156.0,157.0,158.0,159.0,160.0,160.0,161.0,162.0,163.0,164.0,164.0,165.0,166.0,167.0,168.0,169.0,169.0,170.0,170.0,171.0,172.0,173.0,174.0,174.0,175.0,175.0,176.0,177.0,178.0,179.0,180.0,181.0,182.0,183.0,184.0,185.0,186.0,187.0,189.0,190.26999999999998,192.0,194.0,195.0,196.0,197.91999999999996,199.0,202.0,203.0,205.0,208.0,212.0,215.0,217.96000000000004,221.0,225.0,232.3499999999999,241.0,249.0,261.0,285.87,329.0
18-24,BMXHT,1009,142.3,147.0,148.416,149.324,150.132,150.74,151.1,151.8,152.164,152.844,153.17999999999998,153.5,153.89600000000002,154.10399999999998,154.4,154.5,154.7,155.0,155.4,155.7,155.9,156.2,156.4,156.7,156.9,157.2,157.4,157.7,157.9,158.1,158.3,158.4,158.6,158.8,159.0,159.2,159.3,159.5,159.7,159.9,160.1,160.3,160.436,160.6,160.7,160.8,160.9,161.1,161.284,161.492,161.6,161.8,162.0,162.2,162.4,162.5,162.7,162.856,163.0,163.2,163.3,163.688,163.89600000000002,164.0,164.2,164.4,164.6,164.9,165.0,165.2,165.3,165.468,165.6,165.8,166.1,166.3,166.5,166.7,166.9,167.1,167.4,167.548,167.8,168.1,168.3,168.67999999999998,169.1,169.3,169.8,170.2,170.6,170.9,171.036,171.5,171.8,172.5,173.136,174.228,175.73600000000002,176.69199999999998,182.4
18-24,BMXWT,1010,36.2,39.854,42.418,43.9,45.036,46.19,47.054,47.7,48.272,48.881,49.39,50.098,50.4,50.7,51.2,51.635,52.2,52.7,53.1,53.6,54.080000000000005,54.589,55.0,55.4,55.9,56.225,56.8,57.1,57.452000000000005,57.760999999999996,58.17,58.6,59.1,59.497,59.912,60.515,60.848,61.333,61.842,62.5,62.842,63.2,63.5,64.0,64.4,64.705,65.2,65.9,66.232,66.7,67.1,67.559,68.2,68.777,69.1,69.495,70.104,70.8,71.3,71.83099999999999,72.3,72.949,73.75800000000001,74.367,75.176,75.9,76.494,77.60300000000001,78.212,78.821,79.5,80.178,81.348,82.1,82.93199999999999,83.5,83.98400000000001,84.49300000000001,85.50399999999999,86.5,87.7,88.5,89.7,91.3,92.456,93.4,94.774,96.083,98.96799999999999,100.60199999999999,101.82000000000001,104.25700000000002,105.88400000000003,107.737,109.746,112.62999999999998,116.73199999999999,122.1,128.5939999999999,143.86499999999995,200.9
18-24,BMXWAIST,980,56.4,64.479,65.2,66.1,66.5,67.2,67.774,68.5,68.864,69.211,69.5,70.0,70.5,71.0,71.206,71.5,71.8,72.3,72.5,72.8,73.18,73.5,73.8,74.017,74.59599999999999,75.07499999999999,75.5,75.9,76.2,76.691,77.2,77.7,78.128,78.40700000000001,78.8,79.2,79.6,80.123,80.4,81.0,81.3,81.739,82.2,82.5,83.076,83.5,84.034,84.5,84.99199999999999,85.4,85.7,86.2,86.6,86.9,87.266,87.9,88.4,88.903,89.482,89.761,90.4,91.0,91.798,92.1,92.5,92.9,93.8,94.49300000000001,95.28800000000001,95.6,96.42999999999999,97.0,97.688,98.167,98.83800000000001,99.325,100.10399999999998,100.5,101.562,102.3,102.84,103.79899999999999,104.75599999999999,105.91399999999999,107.0,107.54499999999999,108.5,109.546,111.95599999999999,113.43100000000001,114.82000000000001,116.18900000000001,118.36800000000001,119.388,121.47800000000001,123.00999999999999,126.21999999999996,130.267,134.9,143.0,171.6
18-24,BP_SYS,965,78.0,87.64,90.0,91.0,92.0,92.0,93.0,94.0,94.0,94.75999999999999,95.0,96.0,96.0,97.0,97.0,98.0,98.0,98.0,98.0,99.0,99.0,99.0,100.0,100.0,100.0,100.0,100.0,101.0,101.0,101.0,102.0,102.0,102.0,102.0,103.0,103.0,103.0,104.0,104.0,104.0,104.0,104.0,104.0,105.0,105.0,105.0,105.44,106.0,106.0,106.0,106.0,106.63999999999999,107.0,107.0,108.0,108.0,108.0,108.0,108.0,108.0,109.0,109.0,110.0,110.0,110.0,110.0,110.24000000000001,111.0,111.0,112.0,112.0,112.0,112.07999999999993,113.0,114.0,114.0,114.0,114.0,114.0,115.0,115.0,116.0,116.0,116.0,116.0,117.0,118.0,118.0,118.32000000000005,119.0,120.0,120.0,121.0,122.0,123.0,124.0,125.0,126.0,128.0,132.0,150.0
18-24,BP_DIA,965,38.0,46.0,48.0,48.92,50.0,51.0,52.0,52.0,54.0,54.0,55.0,56.0,56.0,56.0,56.0,57.0,57.0,58.0,58.0,58.0,59.0,59.0,60.0,60.0,60.0,60.0,60.0,61.0,61.0,61.0,62.0,62.0,62.0,62.0,62.0,63.0,63.0,63.0,64.0,64.0,64.0,64.0,64.0,64.0,65.0,65.0,65.0,65.0,65.71999999999997,66.0,66.0,66.0,66.0,66.0,66.56000000000006,67.0,67.0,67.0,68.0,68.0,68.0,68.0,68.0,69.0,69.0,69.0,70.0,70.0,70.0,70.0,70.0,71.0,71.0,72.0,72.0,72.0,72.0,72.0,72.0,73.0,73.0,74.0,74.0,74.0,74.0,75.0,75.0,76.0,76.0,76.96000000000004,77.0,78.0,78.88,79.0,80.0,81.79999999999995,83.0,84.0,87.0,90.0,105.0
18-24,BODY_IRON,1032,-14.129028808343362,-5.1017316499011995,-3.382864410873318,-2.6642165389748937,-1.6877291468261768,-0.8846183946378591,-0.4768863878007105,-0.14800958079552584,0.380853334515888,0.7368225116232915,1.0697550394820021,1.3653046202507855,1.488946103868294,1.7403086845964515,1.9420558986584335,2.292219465473345,2.6490752593963944,2.9359896918786648,3.1882865537746605,3.3546756035879373,3.6658372975214832,3.81314075326952,3.9687995700471386,4.115091632803218,4.3168493588396695,4.503229720300623,4.679983893216239,4.773059828520448,4.927640413441366,5.08447705564828,5.149379731588865,5.305103896657377,5.4782060502266265,5.526292744816205,5.627532303531111,5.697927512897309,5.7583214161115555,5.943966049649668,6.071902927357412,6.18703419574483,6.283734828283577,6.378794984035273,6.49912190037849,6.653040600160895,6.729525878146153,6.837824007751122,6.927368392875309,7.037901127458886,7.144429749550579,7.283508225103072,7.358192820749408,7.452827403662011,7.538256075631111,7.6417236012802245,7.708621061059507,7.765263846735606,7.850608586950461,7.930245715510967,8.009229333805768,8.087774814232302,8.163163869204928,8.248025182046756,8.33973337045434,8.408513394155579,8.505358422259336,8.608119975498855,8.684113899491464,8.781741352537274,8.853888537276855,8.938760917845798,9.033949298938374,9.132967152993023,9.242073132378177,9.342269573615194,9.411485138548128,9.538896743635492,9.63463446361739,9.69728519269197,9.800117754162784,9.917143449489512,9.970048453343287,10.027411659113035,10.10792165960699,10.26717809938385,10.37538324093928,10.488566113172281,10.6684836122089,10.787600889467317,10.959523579939008,11.087224615487631,11.277725936697312,11.399538519937323,11.499456053558673,11.733758903205509,11.968980565472682,12.256953148635901,12.507995029898863,12.950047168183792,13.401453639994742,14.464630659975448,17.38485177514753
25-34,LBXWBCSI,1564,2.1,3.7,4.0,4.2,4.4,4.4,4.577999999999999,4.7,4.8,4.9,4.9,5.0,5.1,5.2,5.282000000000002,5.3,5.4,5.5,5.5,5.6,5.6,5.7,5.7,5.8,5.8,5.9,5.9,6.0,6.0,6.1,6.1,6.2,6.2,6.3,6.3,6.4,6.4,6.5,6.5,6.6,6.6,6.7,6.7,6.8,6.8,6.9,6.9,6.961000000000001,7.0,7.1,7.1,7.2,7.2,7.3,7.302000000000009,7.4,7.5,7.5,7.6,7.7,7.7,7.8,7.9,7.9,8.0,8.0,8.1,8.2,8.3,8.3,8.4,8.5,8.53599999999999,8.6,8.7,8.8,8.88800000000001,8.9,9.0,9.1,9.2,9.3,9.5,9.6,9.7,9.8,9.9,10.1,10.2,10.4,10.7,10.8,11.1,11.3,11.5,11.9,12.3,12.821999999999981,13.274000000000001,14.0,19.1
25-34,LBXLYPCT,1564,8.5,13.526,15.3,16.889,17.951999999999998,18.615000000000002,19.5,20.2,20.8,21.267,21.9,22.1,22.5,23.019,23.4,23.8,24.2,24.471000000000004,24.9,25.1,25.3,25.5,25.7,26.0,26.1,26.4,26.6,26.8,27.0,27.2,27.4,27.6,27.8,27.979000000000006,28.2,28.4,28.6,28.8,28.9,29.1,29.2,29.4,29.6,29.9,30.1,30.3,30.4,30.6,30.7,30.9,31.1,31.3,31.5,31.738999999999997,31.9,32.1,32.2,32.5,32.8,33.1,33.3,33.44299999999999,33.7,33.8,34.0,34.2,34.4,34.7,35.08400000000002,35.4,35.6,35.9,36.1,36.4,36.6,36.8,37.0,37.4,37.8,38.1,38.5,38.8,39.2,39.55799999999999,40.0,40.3,40.7,41.181,41.544000000000004,42.00699999999999,42.67000000000001,43.1,43.5,44.2,45.022000000000006,45.9,47.3,48.8,50.874,53.01099999999997,65.8
25-34,LBXMOPCT,1564,0.9,3.9,4.2,4.4,4.5,4.6,4.8,4.9,5.0,5.1,5.2,5.3,5.4,5.4,5.5,5.6,5.6,5.7,5.7,5.8,5.8,5.8,5.9,5.9,5.9,6.0,6.0,6.1,6.1,6.2,6.2,6.2,6.3,6.3,6.4,6.4,6.5,6.5,6.6,6.6,6.6,6.7,6.7,6.7,6.8,6.8,6.9,6.9,6.9,7.0,7.0,7.1,7.1,7.2,7.2,7.2,7.3,7.390999999999997,7.4,7.4,7.5,7.5,7.6,7.6,7.7,7.7,7.8,7.8,7.9,7.9,8.0,8.1,8.2,8.2,8.3,8.4,8.4,8.5,8.6,8.6,8.7,8.8,8.9,8.9,9.1,9.2,9.2,9.3,9.4,9.6,9.7,9.9,10.1,10.359000000000014,10.5,10.7,11.1,11.9,12.3,13.1,20.8
25-34,LBXNEPCT,1564,21.1,35.789,37.978,40.0,41.052,42.5,43.178000000000004,44.1,45.3,46.0,46.43,46.893,47.5,47.9,48.4,48.8,49.2,49.5,49.833999999999996,50.3,50.56,50.9,51.0,51.4,51.812,52.1,52.4,52.8,53.16400000000001,53.5,53.9,54.1,54.3,54.5,54.842000000000006,55.1,55.367999999999995,55.6,55.8,56.0,56.2,56.5,56.7,56.9,57.1,57.3,57.5,57.8,58.0,58.2,58.3,58.6,58.8,59.0,59.2,59.4,59.6,59.8,60.0,60.2,60.4,60.6,60.9,61.1,61.4,61.7,61.8,62.1,62.3,62.6,62.8,63.073,63.4,63.8,63.96199999999999,64.3,64.5,64.9,65.0,65.3,65.6,65.9,66.2,66.4,66.7,67.1,67.418,67.881,68.1,68.407,69.0,69.5,70.39600000000002,71.1,71.8,72.6,73.5,74.6,76.2,78.9,90.0
25-34,LBXEOPCT,1564,5.397605346934028e-79,0.2,0.3,0.4,0.5,0.5,0.5,0.6,0.6,0.7,0.7,0.8,0.8,0.8,0.9,0.9,0.9,1.0,1.0,1.0,1.0,1.1,1.1,1.1,1.1,1.1,1.2,1.2,1.2,1.2,1.3,1.3,1.3,1.3,1.4,1.4,1.4,1.4,1.5,1.5,1.5,1.6,1.6,1.6,1.7,1.7,1.7,1.7,1.8,1.8,1.8,1.9,1.9,1.9,1.9020000000000095,2.0,2.0,2.0,2.0,2.1,2.1,2.1,2.2,2.2,2.3,2.3,2.4,2.4,2.5,2.5,2.5,2.6,2.7,2.7,2.8,2.8,2.9,3.0,3.1,3.2,3.2,3.3,3.4,3.4,3.5,3.6,3.7,3.8,3.9,4.0069999999999935,4.2,4.4,4.7,4.8,5.2,5.6,6.1480000000000015,6.61099999999999,7.674000000000001,9.23699999999999,28.4
25-34,LBXBAPCT,1564,0.1,0.2,0.2,0.3,0.3,0.3,0.3,0.3,0.4,0.4,0.4,0.4,0.4,0.4,0.4,0.4,0.4,0.5,0.5,0.5,0.5,0.5,0.5,0.5,0.5,0.5,0.5,0.5,0.5,0.5,0.5,0.5,0.6,0.6,0.6,0.6,0.6,0.6,0.6,0.6,0.6,0.6,0.6,0.6,0.6,0.6,0.7,0.7,0.7,0.7,0.7,0.7,0.7,0.7,0.7,0.7,0.7,0.7,0.7,0.7,0.8,0.8,0.8,0.8,0.8,0.8,0.8,0.8,0.8,0.8,0.8,0.8,0.9,0.9,0.9,0.9,0.9,0.9,0.9,0.9,0.9,1.0,1.0,1.0,1.0,1.0,1.0,1.0809999999999946,1.1,1.1,1.1,1.1,1.1960000000000035,1.2,1.2,1.2,1.3,1.3,1.4,1.6,2.6
25-34,LBXRBCSI,1564,2.92,3.59,3.7478000000000002,3.81,3.85,3.9,3.92,3.96,3.99,4.0267,4.04,4.06,4.07,4.09,4.11,4.13,4.14,4.15,4.17,4.18,4.2,4.21,4.22,4.23,4.24,4.26,4.27,4.28,4.29,4.3,4.31,4.32,4.33,4.3379,4.35,4.36,4.37,4.38,4.38,4.39,4.4,4.41,4.42,4.43,4.44,4.44,4.45,4.46,4.47,4.48,4.49,4.5,4.51,4.52,4.53,4.53,4.54,4.55,4.56,4.57,4.58,4.59,4.59,4.6,4.61,4.62,4.63,4.64,4.65,4.66,4.67,4.68,4.69,4.7,4.72,4.73,4.74,4.75,4.76,4.77,4.79,4.8,4.826599999999999,4.85,4.86,4.87,4.89,4.9,4.92,4.94,4.96,4.983300000000002,5.0,5.02,5.06,5.11,5.16,5.21,5.3348,5.473699999999999,6.27
25-34,LBXHGB,1564,6.2,9.0,9.5,10.1,10.5,10.8,11.0,11.1,11.3,11.4,11.430000000000001,11.6,11.6,11.719,11.8,11.9,12.0,12.1,12.1,12.2,12.2,12.3,12.3,12.3,12.4,12.4,12.4,12.5,12.5,12.5,12.6,12.6,12.7,12.7,12.7,12.8,12.8,12.8,12.8,12.9,12.9,12.9,12.9,13.0,13.0,13.0,13.0,13.1,13.1,13.1,13.1,13.1,13.2,13.2,13.2,13.3,13.3,13.3,13.3,13.4,13.4,13.4,13.5,13.5,13.5,13.5,13.6,13.6,13.6,13.6,13.7,13.7,13.7,13.8,13.8,13.8,13.8,13.9,13.9,13.9,14.0,14.0,14.0,14.1,14.1,14.1,14.2,14.2,14.3,14.3,14.4,14.4,14.5,14.5,14.6,14.7,14.8,14.9,15.0,15.5,16.5
25-34,LBXHCT,1564,21.8,29.289,30.526,31.489,32.552,33.4,33.9,34.1,34.5,34.8,35.1,35.2,35.4,35.519,35.8,35.9,36.0,36.17100000000001,36.3,36.5,36.6,36.8,36.9,37.0,37.1,37.2,37.3,37.5,37.56400000000001,37.7,37.8,37.852999999999994,37.9,38.0,38.1,38.2,38.3,38.3,38.4,38.5,38.52,38.6,38.6,38.7,38.8,38.8,38.9,39.0,39.1,39.1,39.3,39.3,39.376,39.4,39.5,39.6,39.7,39.7,39.8,39.8,39.9,40.0,40.1,40.2,40.2,40.3,40.4,40.5,40.6,40.6,40.7,40.8,40.8,40.9,41.0,41.1,41.2,41.3,41.4,41.5,41.540000000000006,41.7,41.8,41.9,41.99199999999998,42.1,42.2,42.3,42.4,42.5,42.6,42.7,42.9,43.1,43.2,43.4,43.548,44.0,44.5,45.77399999999998,49.4
25-34,LBXMCVSI,1564,58.9,65.1,68.6,70.18900000000001,72.0,73.9,75.178,76.3,77.2,78.067,79.1,79.6,80.0,80.6,81.0,81.3,81.5,81.8,82.1,82.3,82.6,82.823,83.186,83.5,83.7,84.0,84.2,84.4,84.664,84.9,85.1,85.2,85.4,85.6,85.7,85.8,86.1,86.231,86.4,86.5,86.7,86.9,87.0,87.2,87.372,87.5,87.6,87.7,87.8,87.9,88.1,88.2,88.3,88.5,88.5,88.6,88.7,88.8,89.0,89.1,89.2,89.3,89.4,89.5,89.6,89.8,89.9,90.1,90.1,90.3,90.4,90.5,90.7,90.8,90.9,91.1,91.28800000000001,91.5,91.6,91.7,91.9,92.0,92.2,92.4,92.5,92.7,92.9,93.1,93.34400000000001,93.5,93.8,94.1,94.5,94.85900000000002,95.3,95.5,95.8,96.2,96.8,98.07399999999998,105.6
25-34,LBXMC,1566,28.4,30.43,31.0,31.2,31.36,31.5,31.7,31.8,31.9,32.0,32.1,32.2,32.2,32.3,32.3,32.4,32.5,32.5,32.6,32.6,32.7,32.7,32.7,32.7,32.8,32.8,32.8,32.9,32.9,32.9,32.9,33.0,33.0,33.045,33.1,33.1,33.1,33.1,33.2,33.2,33.2,33.3,33.3,33.3,33.3,33.3,33.3,33.4,33.4,33.4,33.4,33.5,33.5,33.5,33.5,33.5,33.5,33.6,33.6,33.6,33.6,33.7,33.7,33.7,33.7,33.7,33.8,33.8,33.8,33.8,33.9,33.9,33.9,33.9,34.0,34.0,34.0,34.1,34.1,34.1,34.2,34.2,34.2,34.2,34.3,34.3,34.3,34.4,34.4,34.4,34.5,34.5,34.5,34.6,34.7,34.8,34.9,35.0,35.27,35.43499999999999,36.3
25-34,LBXMCHSI,1564,17.1,19.963,21.4,22.1,22.9,23.5,23.9,24.4,25.0,25.2,25.6,25.9,26.156,26.3,26.5,26.7,26.8,26.9,27.034,27.1,27.3,27.4,27.586000000000002,27.7,27.8,27.9,27.9,28.0,28.1,28.2,28.3,28.4,28.5,28.5,28.6,28.6,28.7,28.8,28.8,28.9,28.9,29.0,29.0,29.1,29.1,29.2,29.3,29.4,29.4,29.5,29.5,29.6,29.6,29.7,29.7,29.8,29.9,29.9,29.953999999999997,30.0,30.1,30.1,30.105999999999995,30.2,30.3,30.3,30.358000000000015,30.4,30.5,30.5,30.6,30.6,30.6,30.7,30.7,30.8,30.9,30.9,31.0,31.0,31.1,31.1,31.2,31.3,31.3,31.4,31.5,31.5,31.6,31.7,31.8,31.9,32.0,32.1,32.3,32.3,32.5,32.71099999999999,32.9,33.3,36.2
25-34,LBXRDW,1564,11.5,12.0,12.1,12.2,12.252,12.3,12.4,12.4,12.5,12.5,12.5,12.5,12.6,12.6,12.6,12.7,12.7,12.7,12.7,12.8,12.8,12.8,12.8,12.8,12.9,12.9,12.9,12.9,12.9,13.0,13.0,13.0,13.0,13.0,13.0,13.1,13.1,13.1,13.1,13.1,13.1,13.2,13.2,13.2,13.2,13.3,13.3,13.3,13.3,13.387,13.4,13.4,13.4,13.5,13.5,13.5,13.5,13.6,13.6,13.6,13.6,13.6,13.7,13.7,13.7,13.8,13.8,13.8,13.9,13.9,14.0,14.0,14.1,14.1,14.1,14.2,14.2,14.3,14.3,14.4,14.5,14.6,14.6,14.7,14.8,14.854999999999995,15.0,15.1,15.2,15.4,15.5,15.7,15.9,16.2,16.4,16.7,17.1,17.7,18.5,19.97399999999998,26.8
25-34,LBXPLTSI,1564,48.0,133.0,155.0,163.0,168.0,173.0,176.78,180.0,183.0,187.0,190.0,195.0,197.56,201.0,202.0,204.45,207.0,209.0,212.0,213.0,215.0,218.0,219.0,221.0,223.0,224.0,225.38,227.0,229.0,231.0,232.0,234.0,235.16000000000003,237.0,238.0,239.0,240.0,242.0,243.0,244.57000000000005,246.20000000000005,248.0,249.0,250.0,251.0,253.0,254.0,256.0,257.0,259.0,260.0,261.0,262.0,264.0,266.0,267.0,270.0,271.0,272.0,273.0,275.0,276.0,278.0,280.0,282.0,283.95000000000005,285.58000000000015,287.0,289.0,291.0,293.0,295.0,297.0,299.0,300.6199999999999,302.25,305.0,308.0,310.0,313.77,316.0,319.0,320.0,323.0,327.91999999999985,332.0,336.0,339.80999999999995,343.0,347.0,351.70000000000005,358.0,365.0,374.0,381.22,388.0,397.48,410.2199999999998,419.74,465.58999999999924,818.0
25-34,LBXMPSI,1564,5.8,6.463,6.6,6.8,6.9,7.0,7.0,7.1,7.1,7.2,7.2,7.2,7.3,7.3,7.4,7.4,7.4,7.4,7.5,7.5,7.5,7.5,7.6,7.6,7.6,7.6,7.7,7.7,7.7,7.7,7.8,7.8,7.8,7.8,7.9,7.9,7.9,7.9,7.9,8.0,8.0,8.0,8.0,8.1,8.1,8.1,8.1,8.2,8.2,8.2,8.2,8.3,8.3,8.3,8.3,8.4,8.4,8.4,8.4,8.5,8.5,8.5,8.5,8.5,8.6,8.6,8.6,8.6,8.7,8.7,8.7,8.8,8.8,8.8,8.9,8.9,8.9,9.0,9.0,9.0,9.1,9.1,9.2,9.2,9.3,9.3,9.3,9.4,9.4,9.5,9.6,9.633000000000015,9.796000000000005,9.859000000000014,9.9,10.0,10.1,10.3,10.6,11.0,11.9
25-34,LBXSGL,1544,55.0,68.0,71.0,73.0,74.0,75.0,75.0,76.0,77.0,77.0,78.0,78.0,78.16,79.0,79.0,79.0,80.0,80.0,80.0,81.0,81.0,81.0,82.0,82.0,82.0,82.0,83.0,83.0,83.0,83.0,83.0,84.0,84.0,84.0,84.0,84.0,85.0,85.0,85.0,85.0,85.20000000000005,86.0,86.0,86.0,86.0,86.0,87.0,87.0,87.0,87.0,88.0,88.0,88.0,88.0,89.0,89.0,89.0,89.0,89.0,90.0,90.0,90.0,90.0,91.0,91.0,91.0,91.0,92.0,92.0,92.0,92.0,93.0,93.0,93.0,93.81999999999994,94.0,94.0,95.0,95.0,95.0,96.0,96.0,97.0,98.0,98.0,99.0,99.0,100.0,101.0,101.0,102.0,103.0,104.0,105.0,107.0,109.84999999999991,113.0,120.0,137.41999999999962,178.98999999999955,365.0
25-34,LBXSCH,1543,83.0,114.42,120.0,122.0,124.0,126.10000000000001,129.0,131.0,133.0,135.0,136.0,137.0,139.0,141.0,142.0,143.0,144.0,146.0,147.0,148.0,148.0,150.0,151.0,152.0,153.0,154.0,156.0,157.0,157.0,158.0,159.0,160.0,161.0,162.0,163.0,164.0,165.0,166.0,167.0,168.0,168.0,169.0,169.0,170.0,171.0,172.0,173.0,173.0,174.0,175.0,175.0,176.0,177.0,178.0,179.0,180.0,181.0,181.0,182.0,183.0,184.0,184.0,185.0,186.0,187.0,188.0,189.0,189.1400000000001,190.0,191.0,192.0,193.0,194.0,195.0,197.0,198.0,199.0,200.0,201.0,203.0,204.60000000000014,206.0,207.0,209.0,211.0,212.0,215.0,216.0,217.0,220.0,223.0,225.0,227.6400000000001,232.0,235.48000000000002,238.89999999999986,244.31999999999994,254.0,266.1600000000001,284.47999999999956,417.0
25-34,BMXHT,1558,139.9,145.571,147.41400000000002,148.542,149.5,150.085,150.7,151.1,151.6,152.113,152.7,153.2,153.6,153.841,154.298,154.6,154.9,155.2,155.4,155.6,155.84,156.1,156.4,156.611,156.9,157.2,157.4,157.6,157.8,158.0,158.2,158.36700000000002,158.5,158.8,159.0,159.3,159.5,159.7,159.8,160.1,160.2,160.4,160.6,160.7,160.9,161.0,161.2,161.379,161.5,161.6,161.8,162.0,162.2,162.4,162.678,162.9,163.1,163.249,163.4,163.563,163.7,163.8,164.0,164.291,164.5,164.6,164.8,165.0,165.1,165.333,165.5,165.7,166.0,166.2,166.4,166.67499999999998,166.9,167.1,167.3,167.5,167.8,168.0,168.3,168.531,168.8,169.1,169.5,169.9,170.2,170.473,170.63,171.2,171.4,171.8,172.5,173.315,174.044,175.0,176.9,178.34300000000002,185.3
25-34,BMXWT,1557,32.6,43.6,45.436,47.268,48.4,49.38,50.2,50.892,51.548,52.303999999999995,53.1,53.8,54.272,55.028,55.6,56.1,56.696000000000005,57.15200000000001,57.7,58.1,58.720000000000006,59.376,59.732,60.2,60.6,61.0,61.356,62.0,62.4,62.7,63.379999999999995,63.7,64.0,64.5,65.2,65.7,66.216,66.7,67.128,67.9,68.3,68.6,69.1,69.7,70.1,70.5,71.0,71.332,71.6,72.4,73.3,73.8,74.5,74.86800000000001,75.324,75.7,76.3,77.392,78.2,78.8,79.2,79.7,80.2,80.728,81.5,82.1,82.8,83.452,84.5,84.86399999999999,85.7,86.576,87.332,88.3,89.1,90.5,91.2,91.9,93.50400000000002,94.9,96.3,97.57200000000003,98.48399999999997,99.8,101.41199999999999,102.67999999999996,104.5,105.672,107.1,109.03599999999996,111.3,113.092,116.204,118.72400000000005,121.2,124.91999999999999,130.18,133.164,143.44399999999985,155.79600000000005,254.3
25-34,BMXWAIST,1494,60.0,67.193,68.88600000000001,69.8,70.5,71.465,72.0,72.95100000000001,73.544,73.937,74.3,74.723,75.4,75.8,76.2,76.5,77.1,77.581,78.0,78.467,78.8,79.353,79.646,80.0,80.6,81.0,81.718,82.1,82.40400000000001,83.097,83.4,83.9,84.2,85.0,85.462,85.9,86.3,86.982,87.4,87.727,88.22000000000001,88.8,89.006,89.5,90.09199999999998,90.4,90.7,91.1,91.464,91.8,92.3,92.8,93.2,93.8,94.3,94.81500000000001,95.40800000000002,96.0,96.5,97.0,97.4,97.6,98.26599999999999,99.0,99.8,100.44500000000001,101.338,102.131,102.72400000000002,103.2,103.8,104.303,105.5,106.4,107.18199999999999,108.0,108.5,109.8,110.66199999999999,111.6,112.2,113.0,113.752,114.6,115.21199999999999,116.10499999999999,117.298,118.4,119.384,120.654,122.0,123.263,124.7360000000001,127.0,128.58399999999997,130.86999999999998,132.856,137.0,141.22599999999989,146.04899999999995,169.5
25-34,BP_SYS,1433,80.0,88.0,90.0,92.0,92.0,93.0,94.0,94.0,95.0,96.0,96.0,96.0,97.0,98.0,98.0,98.0,99.0,99.0,100.0,100.0,100.0,101.0,101.0,102.0,102.0,102.0,102.0,103.0,103.0,104.0,104.0,104.0,104.0,105.0,105.0,105.0,105.0,106.0,106.0,106.0,106.0,106.0,107.0,107.0,108.0,108.0,108.0,108.0,108.0,109.0,109.0,109.0,110.0,110.0,110.0,110.0,110.0,110.2399999999999,111.0,111.0,112.0,112.0,112.0,112.0,112.0,113.0,113.0,113.0,114.0,114.0,114.0,114.0,115.0,115.0,116.0,116.0,116.0,117.0,118.0,118.0,118.0,118.0,119.0,119.0,120.0,120.0,121.51999999999998,122.0,123.0,124.0,124.79999999999995,126.0,126.0,128.0,129.0,130.0,132.0,135.0,138.0,146.0400000000002,170.0
25-34,BP_DIA,1433,5.397605346934028e-79,48.0,51.64,52.96,54.0,54.0,56.0,56.0,56.0,56.0,57.0,58.0,58.0,58.0,59.0,60.0,60.0,60.0,61.0,61.0,62.0,62.0,62.0,62.0,63.0,63.0,63.0,64.0,64.0,64.0,64.0,65.0,65.0,65.0,66.0,66.0,66.0,66.0,66.0,66.0,67.0,67.0,67.0,68.0,68.0,68.0,68.0,68.0,69.0,69.0,69.0,70.0,70.0,70.0,70.0,70.0,71.0,71.0,72.0,72.0,72.0,72.0,72.0,72.0,73.0,73.0,73.0,74.0,74.0,74.0,74.0,74.0,75.0,75.0,76.0,76.0,76.0,76.0,77.0,77.0,78.0,78.0,79.0,79.0,80.0,80.0,81.0,82.0,82.0,83.0,84.0,85.0,86.0,87.0,88.0,90.0,91.0,93.0,97.0,104.0,123.0
25-34,BODY_IRON,1566,-9.979604377356582,-4.478939186853823,-2.829342069962079,-1.6915222461758557,-1.085506321650398,-0.4987337937359009,0.30910779233010877,0.8650604707293731,1.3621525279414537,1.831954413838066,2.0524743040779794,2.362760785197464,2.640247173716882,2.98383935370962,3.348493277123366,3.6054947806594058,3.850759982915253,4.087868116602062,4.2190466582230215,4.400213427364716,4.5548838778425615,4.66901759457349,4.874649647614379,5.072132632181496,5.147300818118026,5.300606742235901,5.471144097508377,5.5603950917891325,5.704272026906189,5.865850214885472,6.023349714140341,6.118476885757153,6.260996715686696,6.372184795910533,6.510348504570729,6.624052904326428,6.7344149500000485,6.818894356807717,6.964028950660291,7.0354514721993215,7.1730687128593695,7.239248539880509,7.325081386297599,7.4112580431173845,7.498148850730749,7.589831700284867,7.679320299770205,7.764126969884226,7.923751237864244,7.998367658024328,8.072145788354618,8.130226233978968,8.264674688379822,8.381759368870878,8.500360229991859,8.581536129489672,8.669679978043282,8.814331051524576,8.877723829487142,8.964356975058793,9.049010625408242,9.175837993887631,9.24111208637932,9.298174023154116,9.403903490336038,9.498316362538654,9.596252862700918,9.747790657387938,9.812999323304382,9.909608229816428,10.004689832309149,10.095333048635082,10.196332149644535,10.290718653601742,10.386431886108836,10.458776656101891,10.619725793057736,10.72861510266337,10.841767009388366,10.928170384944686,10.982397342104813,11.059875274429368,11.109940570645923,11.193500730396575,11.331914038659674,11.486303991952775,11.601819391338404,11.740452633264109,11.818454081265191,11.965470837342792,12.185808395609232,12.503535137054705,12.753608084804462,12.878983389709552,13.120350797867811,13.334757619871947,13.690472975246344,14.084862076904594,14.756700633947274,15.366779715437476,17.660454219803416
35-44,LBXWBCSI,1584,2.5,3.4,3.9,4.1,4.3,4.4,4.5,4.6,4.7,4.9,4.9,5.0,5.1,5.2,5.2,5.3,5.328,5.4,5.5,5.6,5.6,5.7,5.8,5.8,5.9,5.9,6.0,6.1,6.1,6.2,6.3,6.3,6.3,6.4,6.5,6.5,6.6,6.6,6.7,6.7,6.8,6.8,6.8,6.9,7.0,7.0,7.1,7.1,7.183999999999992,7.2,7.3,7.3,7.3,7.4,7.4,7.46500000000001,7.5,7.6,7.6,7.6,7.7,7.8,7.8,7.8,7.9,7.9,8.0,8.1,8.2,8.2,8.3,8.3,8.4,8.5,8.6,8.7,8.7,8.8,8.9,9.0,9.1,9.2,9.3,9.3,9.4,9.554999999999994,9.8,9.9,10.1,10.2,10.3,10.5,10.7,10.9,11.2,11.5,11.9,12.1,12.533999999999992,13.7,22.8
35-44,LBXLYPCT,1582,8.0,14.862,16.762,17.843,18.6,19.2,19.7,20.2,20.8,21.229,21.51,21.9,22.2,22.4,22.7,23.1,23.5,23.777000000000005,23.9,24.3,24.5,24.7,25.0,25.163,25.3,25.6,25.806,26.187,26.3,26.5,26.7,26.8,27.0,27.173000000000002,27.5,27.6,27.9,28.0,28.2,28.4,28.54000000000001,28.7,28.9,29.183000000000003,29.3,29.5,29.7,29.9,30.1,30.3,30.5,30.7,30.912,31.1,31.3,31.5,31.6,31.8,32.0,32.3,32.459999999999994,32.7,32.9,33.1,33.3,33.5,33.7,33.9,34.1,34.4,34.6,34.9,35.1,35.31299999999999,35.6,36.0,36.25599999999999,36.6,36.8,37.1,37.3,37.7,38.14199999999999,38.623000000000005,39.004,39.38499999999999,39.7,40.2,40.6,41.0,41.59000000000001,42.5,43.2,43.9,44.61399999999999,45.89499999999998,47.275999999999996,48.657,50.6,53.13800000000001,61.8
35-44,LBXMOPCT,1582,2.4,4.1,4.4,4.543,4.6,4.7,4.8,4.9,5.1,5.2,5.3,5.3,5.4,5.4,5.5,5.5,5.6,5.6,5.7,5.7,5.8,5.8,5.9,5.9,6.0,6.0,6.0,6.1,6.1,6.1,6.2,6.2,6.3,6.3,6.4,6.4,6.415999999999997,6.5,6.5,6.6,6.6,6.6209999999999924,6.7,6.7,6.8,6.8,6.9,6.9,6.9,7.0,7.0,7.1,7.1,7.2,7.2,7.3,7.3,7.4,7.4,7.5,7.5,7.6,7.6,7.7,7.7,7.7,7.8,7.8,7.9,7.9,8.0,8.0,8.1,8.2,8.3,8.3,8.4,8.5,8.5,8.6,8.6,8.7,8.8,8.9,9.0,9.1,9.2,9.3,9.5,9.6,9.8,9.9,10.1,10.3,10.4,10.794999999999982,11.075999999999999,11.356999999999994,11.9,12.838000000000012,16.9
35-44,LBXNEPCT,1582,10.6,35.062,37.262,40.1,41.124,42.105000000000004,43.0,44.2,45.148,46.0,46.7,47.491,48.044,48.453,49.0,49.415,49.7,50.1,50.358,51.1,51.5,51.9,52.282,52.5,52.843999999999994,53.1,53.5,53.7,53.968,54.2,54.3,54.6,54.9,55.2,55.5,55.7,55.916,56.2,56.4,56.6,56.8,57.0,57.1,57.483000000000004,57.664,57.8,58.0,58.2,58.488,58.7,58.9,59.1,59.3,59.5,59.8,60.1,60.2,60.416999999999994,60.6,61.0,61.25999999999999,61.4,61.6,61.8,62.0,62.2,62.5,62.7,62.808000000000014,63.1,63.4,63.5,63.8,64.1,64.5,64.7,64.9,65.1,65.2,65.499,65.8,66.2,66.4,66.7,67.1,67.4,67.73200000000001,68.1,68.52799999999999,69.0,69.4,69.771,70.05199999999999,70.6,71.11399999999998,72.18999999999997,72.776,73.7,74.3,76.37600000000002,86.7
35-44,LBXEOPCT,1582,0.1,0.4,0.5,0.6,0.6,0.7,0.7,0.8,0.8,0.8,0.9,0.9,0.9719999999999999,1.0,1.0,1.0,1.0,1.1,1.1,1.1,1.2,1.2,1.2,1.2,1.3,1.3,1.3,1.3,1.4,1.4,1.4,1.5,1.5,1.5,1.5,1.6,1.6,1.6,1.7,1.7,1.7,1.7,1.8,1.8,1.8,1.8,1.9,1.9,2.0,2.0,2.0,2.0,2.1,2.1,2.2,2.2,2.2,2.2,2.3,2.3,2.4,2.4,2.422000000000003,2.5,2.584000000000003,2.6,2.6,2.7,2.8,2.8,2.8,2.9,2.9,3.0,3.1,3.1,3.2,3.3,3.4,3.5,3.5800000000000183,3.6,3.7,3.8,3.9,4.0,4.1,4.2,4.3,4.4,4.6,4.8,5.0,5.2,5.4,5.8,6.2,6.956999999999994,7.637999999999988,9.057000000000016,16.0
35-44,LBXBAPCT,1582,0.1,0.3,0.3,0.3,0.3,0.4,0.4,0.4,0.4,0.4,0.4,0.4,0.5,0.5,0.5,0.5,0.5,0.5,0.5,0.5,0.5,0.5,0.5,0.6,0.6,0.6,0.6,0.6,0.6,0.6,0.6,0.6,0.6,0.6,0.6,0.6,0.6,0.6,0.7,0.7,0.7,0.7,0.7,0.7,0.7,0.7,0.7,0.7,0.7,0.7,0.7,0.7,0.8,0.8,0.8,0.8,0.8,0.8,0.8,0.8,0.8,0.8,0.8,0.9,0.9,0.9,0.9,0.9,0.9,0.9,0.9,0.9,0.9,0.9129999999999882,1.0,1.0,1.0,1.0,1.0,1.0,1.0,1.0,1.1,1.1,1.1,1.1,1.1,1.1,1.1,1.2,1.2,1.2,1.2,1.3,1.3,1.3,1.4,1.4,1.5,1.9,2.8
35-44,LBXRBCSI,1584,3.16,3.6283,3.7666,3.83,3.8632,3.92,3.96,3.98,4.0,4.02,4.033,4.05,4.07,4.0979,4.11,4.13,4.15,4.16,4.17,4.1877,4.2,4.21,4.22,4.23,4.24,4.25,4.26,4.27,4.28,4.29,4.3,4.31,4.3156,4.32,4.33,4.34,4.35,4.36,4.37,4.38,4.38,4.3903,4.4,4.41,4.42,4.43,4.431800000000001,4.44,4.45,4.46,4.47,4.49,4.491600000000001,4.5,4.51,4.52,4.53,4.54,4.55,4.55,4.56,4.57,4.58,4.59,4.6,4.61,4.61,4.63,4.64,4.64,4.66,4.66,4.6776,4.685899999999999,4.694200000000001,4.71,4.72,4.74,4.75,4.76,4.77,4.7823,4.8,4.82,4.83,4.85,4.86,4.87,4.8804,4.9,4.92,4.95,4.98,5.02,5.06,5.09,5.16,5.26,5.33,5.441700000000001,6.25
35-44,LBXHGB,1584,6.3,8.565999999999999,9.266,9.7,10.1,10.3,10.6,10.7,10.9,11.1,11.3,11.4,11.5,11.5,11.6,11.7,11.8,11.8,11.9,12.0,12.0,12.1,12.1,12.2,12.2,12.3,12.3,12.4,12.4,12.5,12.5,12.5,12.6,12.6,12.6,12.7,12.7,12.7,12.8,12.8,12.8,12.9,12.9,12.9,12.951999999999998,13.0,13.0,13.0,13.1,13.1,13.1,13.1,13.2,13.2,13.2,13.2,13.3,13.3,13.3,13.4,13.4,13.4,13.5,13.5,13.5,13.5,13.5,13.6,13.6,13.6,13.7,13.7,13.7,13.7,13.8,13.8,13.8,13.9,13.9,13.9,14.0,14.0,14.0,14.0,14.1,14.1,14.2,14.2,14.3,14.3,14.4,14.4,14.5,14.6,14.7,14.8,14.9,15.0,15.2,15.5,17.2
35-44,LBXHCT,1584,21.9,27.866,29.631999999999998,30.948999999999998,31.6,32.115,32.8,33.481,33.8,34.047,34.4,34.7,34.995999999999995,35.2,35.462,35.7,35.8,36.0,36.1,36.3,36.4,36.5,36.7,36.8,36.8,36.9,37.0,37.141000000000005,37.2,37.4,37.589999999999996,37.7,37.7,37.8,37.922000000000004,38.0,38.1,38.2,38.3,38.4,38.4,38.5,38.6,38.6,38.7,38.8,38.818000000000005,38.9,39.0,39.1,39.150000000000006,39.2,39.3,39.4,39.4,39.5,39.6,39.6,39.7,39.8,39.9,40.0,40.1,40.1,40.2,40.295,40.3,40.4,40.444,40.5,40.6,40.7,40.8,40.9,40.9,41.0,41.1,41.2,41.3,41.4,41.5,41.6,41.7,41.8,41.9,42.1,42.2,42.4,42.5,42.68700000000001,42.9,43.0,43.2,43.3,43.5,43.7,44.0,44.4,44.9,46.0,48.8
35-44,LBXMCVSI,1584,51.6,64.732,68.232,70.198,71.328,73.6,74.4,75.6,76.428,76.947,77.53,78.2,78.896,79.479,80.0,80.5,80.8,81.11099999999999,81.688,82.0,82.4,82.6,82.926,83.109,83.4,83.7,83.95800000000001,84.141,84.4,84.507,84.78999999999999,84.9,85.1,85.239,85.5,85.7,85.888,86.0,86.154,86.3,86.42000000000002,86.7,86.8,86.969,87.1,87.235,87.4,87.5,87.6,87.7,87.8,87.9,88.1,88.2,88.3,88.4,88.4,88.63099999999999,88.8,88.9,89.0,89.2,89.3,89.4,89.5,89.6,89.8,89.9,90.1,90.2,90.3,90.5,90.6,90.8,91.0,91.1,91.2,91.4,91.6,91.8,92.0,92.2,92.306,92.689,92.8,92.9,93.1,93.3,93.5,93.8,94.1,94.253,94.5,94.9,95.2,95.5,96.0,96.5,97.6,99.01700000000001,107.7
35-44,LBXMC,1586,27.9,30.27,30.7,31.1,31.2,31.4,31.6,31.7,31.8,31.9,31.95,32.1,32.1,32.2,32.3,32.3,32.4,32.4,32.43,32.5,32.5,32.6,32.6,32.6,32.7,32.7,32.8,32.8,32.8,32.8,32.9,32.9,32.9,33.0,33.0,33.0,33.0,33.0,33.1,33.1,33.1,33.1,33.2,33.2,33.2,33.3,33.3,33.3,33.3,33.4,33.4,33.4,33.4,33.4,33.5,33.5,33.5,33.5,33.529999999999994,33.6,33.6,33.6,33.6,33.6,33.7,33.7,33.7,33.7,33.8,33.8,33.8,33.8,33.9,33.9,33.9,34.0,34.0,34.0,34.0,34.1,34.1,34.1,34.2,34.2,34.2,34.3,34.3,34.395,34.4,34.4,34.5,34.5,34.6,34.6,34.7,34.8,34.8,35.0,35.1,35.4,37.2
35-44,LBXMCHSI,1584,15.2,19.683,21.366,22.1,22.7,23.2,23.8,24.2,24.6,24.7,24.9,25.2,25.5,25.9,26.1,26.3,26.5,26.7,26.8,26.9,27.0,27.143,27.3,27.5,27.5,27.6,27.7,27.8,27.9,28.0,28.1,28.173000000000002,28.2,28.4,28.4,28.5,28.6,28.7,28.7,28.8,28.8,28.9,29.0,29.0,29.1,29.1,29.2,29.2,29.3,29.4,29.4,29.5,29.5,29.6,29.6,29.66500000000001,29.7,29.8,29.8,29.9,29.9,30.0,30.0,30.028999999999996,30.1,30.2,30.2,30.3,30.3,30.4,30.4,30.5,30.5,30.6,30.6,30.7,30.7,30.8,30.9,31.0,31.0,31.1,31.2,31.2,31.3,31.4,31.5,31.6,31.7,31.7,31.870000000000005,31.9,32.1,32.2,32.3,32.5,32.6,32.8,33.1,34.1,36.8
35-44,LBXRDW,1584,11.3,12.1,12.2,12.3,12.4,12.4,12.5,12.5,12.6,12.6,12.6,12.7,12.7,12.7,12.7,12.8,12.8,12.8,12.8,12.8,12.9,12.9,12.9,13.0,13.0,13.0,13.0,13.1,13.1,13.1,13.1,13.1,13.2,13.2,13.2,13.2,13.3,13.3,13.3,13.3,13.4,13.4,13.4,13.4,13.4,13.5,13.5,13.5,13.5,13.6,13.6,13.6,13.6,13.7,13.7,13.7,13.7,13.8,13.8,13.8,13.9,13.9,13.9,14.0,14.0,14.0,14.1,14.1,14.2,14.2,14.3,14.3,14.4,14.4,14.5,14.6,14.6,14.7,14.7,14.8,14.9,15.0,15.1,15.2,15.3,15.5,15.6,15.721000000000004,15.9,16.1,16.2,16.4,16.6,16.9,17.2,17.6,18.0,18.7,19.6,20.7,25.8
35-44,LBXPLTSI,1584,36.0,148.0,162.0,168.0,174.32,179.0,184.0,187.0,191.0,194.0,197.0,199.0,203.0,205.0,208.0,210.0,212.0,213.11,215.94,217.0,220.0,222.0,224.0,225.09000000000003,228.0,230.0,232.0,234.0,236.0,237.0,238.0,240.0,241.0,243.0,245.0,246.0,248.0,249.0,250.53999999999996,252.0,255.0,256.0,258.0,259.0,260.0,262.0,263.0,265.0,267.0,269.0,270.5,272.0,274.0,276.0,278.0,279.0,281.0,283.0,286.0,287.0,289.0,291.0,292.46000000000004,295.0,297.0,298.0,301.0,303.0,305.0,307.0,309.0,310.0,312.76,314.0,317.0,319.0,322.0799999999999,325.0,327.0,329.0,331.0,335.0,338.0,340.0,343.0,346.0,350.0,353.0,359.0,364.0,370.0,375.0,380.0,383.19000000000005,391.0,397.0,412.0399999999995,426.0,453.0399999999995,481.1700000000001,669.0
35-44,LBXMPSI,1584,6.0,6.5,6.7,6.8,6.8,6.9,7.0,7.0,7.1,7.1,7.1,7.2,7.2,7.2,7.3,7.3,7.3,7.4,7.4,7.4,7.5,7.5,7.5,7.5,7.6,7.6,7.6,7.6,7.7,7.7,7.7,7.7,7.7,7.8,7.8,7.8,7.8,7.8,7.9,7.9,7.9,7.9,8.0,8.0,8.0,8.0,8.018000000000006,8.1,8.1,8.1,8.1,8.1,8.2,8.2,8.2,8.2,8.3,8.3,8.3,8.3,8.4,8.4,8.4,8.4,8.5,8.5,8.5,8.5,8.6,8.6,8.6,8.6,8.7,8.7,8.7,8.7,8.8,8.8,8.8,8.9,8.9,9.0,9.0,9.0,9.1,9.1,9.2,9.2,9.3,9.3,9.4,9.5,9.6,9.6,9.7,9.8,9.9,10.1,10.233999999999991,10.617000000000006,12.9
35-44,LBXSGL,1576,57.0,70.0,74.0,75.0,76.0,77.0,78.0,78.0,79.0,79.0,80.0,80.0,80.0,81.0,81.0,82.0,82.0,82.0,83.0,83.0,83.0,84.0,84.0,84.0,84.0,85.0,85.0,85.0,85.0,86.0,86.0,86.0,86.0,86.0,87.0,87.0,87.0,87.0,87.0,88.0,88.0,88.0,88.0,89.0,89.0,89.0,89.0,89.0,90.0,90.0,90.0,90.0,90.0,91.0,91.0,91.0,91.0,91.0,92.0,92.0,92.0,92.0,93.0,93.0,93.0,94.0,94.0,94.0,95.0,95.0,95.0,96.0,96.0,96.75,97.0,97.0,98.0,98.0,99.0,99.0,100.0,100.0,101.0,102.0,103.0,103.0,104.0,105.0,107.0,108.0,110.0,112.0,115.0,119.0,126.0,132.25,142.0,164.5,198.0,256.5,488.0
35-44,LBXSCH,1572,97.0,116.71000000000001,124.0,130.0,133.0,136.0,139.26,140.0,142.0,144.0,146.0,148.0,149.0,151.0,152.0,154.0,155.0,156.0,157.0,158.0,159.0,160.0,161.0,162.0,163.0,164.0,165.0,166.0,166.0,167.0,168.0,169.0,170.0,170.43000000000006,171.14,173.0,173.0,174.0,175.0,176.0,177.0,178.0,178.81999999999994,179.0,180.0,181.0,182.0,183.0,184.0,185.0,185.0,186.0,187.0,188.0,189.0,190.0,191.0,191.0,192.0,193.0,194.0,195.0,196.0,197.0,198.0,198.0,199.0,200.0,201.0,202.0,202.0,203.40999999999985,205.0,206.0,206.0,207.0,208.0,210.0,211.0,213.0,214.0,215.51,217.0,219.0,220.63999999999987,222.3499999999999,224.0,226.0,228.0,232.0,234.0,237.0,241.0,244.0,246.0,249.0,253.15999999999985,257.0,264.0,295.28999999999996,416.0
35-44,BMXHT,1570,137.6,145.569,147.2,148.4,149.3,150.3,150.714,151.2,151.7,152.321,152.7,153.0,153.2,153.5,153.7,154.0,154.3,154.6,154.8,155.0,155.3,155.449,155.7,155.9,156.4,156.6,156.8,157.0,157.3,157.5,157.8,158.0,158.2,158.5,158.6,158.8,158.984,159.1,159.3,159.6,159.7,160.0,160.2,160.3,160.6,160.8,161.0,161.143,161.3,161.5,161.6,161.8,162.0,162.15699999999998,162.4,162.6,162.7,162.9,163.1,163.2,163.3,163.5,163.6,163.8,163.916,164.1,164.354,164.6,164.7,164.9,165.2,165.4,165.568,165.8,166.1,166.4,166.7,166.9,167.0,167.351,167.6,167.8,168.1,168.3,168.5,168.9,169.1,169.5,169.8,170.1,170.5,170.8,171.1,171.6,172.286,172.65499999999997,173.2,174.1,175.262,177.4,182.7
35-44,BMXWT,1573,36.9,45.244,47.644000000000005,49.331999999999994,50.5,51.5,52.632,53.2,53.976,54.948,55.620000000000005,56.3,56.864,57.436,57.8,58.18,58.6,59.0,59.7,60.468,60.940000000000005,61.412,62.0,62.4,62.9,63.5,64.272,64.8,65.2,65.6,66.0,66.532,67.304,67.7,68.44800000000001,68.9,69.29199999999999,69.7,70.0,70.5,70.9,71.252,71.7,72.1,72.6,73.2,73.8,74.5,74.856,75.228,75.9,76.4,77.144,77.7,78.3,78.92,79.532,80.2,81.076,81.54799999999999,82.1,82.8,83.5,84.236,85.00800000000001,85.68,86.50399999999999,87.124,88.1,88.56799999999998,89.33999999999999,90.11199999999998,91.28399999999999,92.0,92.6,93.4,94.272,95.5,97.1,98.08800000000001,99.16000000000001,100.2,101.1,102.928,104.048,105.26000000000002,106.2,107.82800000000003,110.0,111.31599999999999,113.07999999999998,115.604,119.324,121.87600000000003,125.30799999999991,128.17999999999998,131.9,135.85199999999998,145.256,159.54,210.8
35-44,BMXWAIST,1501,62.7,69.1,71.3,72.5,73.5,74.0,74.8,75.5,76.1,77.0,77.7,78.4,78.8,79.7,80.4,80.8,81.3,81.8,82.4,82.8,83.1,83.5,84.0,84.3,85.0,85.5,85.8,86.3,86.7,87.3,87.7,88.3,88.6,89.2,89.5,90.1,90.5,91.0,91.4,92.0,92.2,92.6,93.0,93.5,93.8,94.3,95.0,95.2,95.6,96.0,96.4,96.7,97.2,97.6,98.2,98.9,99.20000000000002,99.9,100.59999999999998,101.1,101.5,101.8,102.4,102.8,103.2,104.0,104.7,105.0,105.50000000000001,106.1,106.5,107.0,107.4,108.0,108.6,109.2,110.1,110.7,111.9,112.8,113.8,114.8,115.5,116.4,117.1,118.5,119.3,120.5,121.5,122.6,124.2,126.8,128.2,130.2,133.1,135.0,136.5,139.7,144.3,153.2,178.0
35-44,BP_SYS,1437,76.0,86.0,89.72,92.0,94.0,95.0,96.0,96.0,97.0,98.0,98.0,98.0,99.0,99.0,100.0,100.0,101.0,101.0,102.0,102.0,102.0,103.0,103.0,104.0,104.0,104.0,105.0,105.0,106.0,106.0,106.0,106.0,107.0,107.0,107.0,108.0,108.0,108.0,108.0,109.0,109.0,109.0,110.0,110.0,110.0,111.0,111.0,111.0,112.0,112.0,112.0,112.0,113.0,113.0,114.0,114.0,114.0,114.0,114.0,115.0,115.0,116.0,116.0,116.0,116.0,116.0,117.0,118.0,118.0,118.0,119.0,120.0,120.0,121.0,122.0,122.0,122.0,123.0,124.0,124.0,125.0,126.0,126.0,127.0,128.0,128.0,130.0,130.0,131.0,132.0,133.4000000000001,134.0,136.0,136.48000000000002,138.0,140.0,144.0,147.92000000000007,153.0,158.0,192.0
35-44,BP_DIA,1437,44.0,50.0,53.0,56.0,56.0,57.0,58.0,59.0,60.0,60.0,60.599999999999994,61.0,62.0,62.0,62.0,63.0,63.0,64.0,64.0,64.0,65.0,65.0,65.0,66.0,66.0,66.0,66.0,67.0,67.0,68.0,68.0,68.0,68.0,68.0,69.0,69.0,69.96000000000004,70.0,70.0,70.0,70.0,71.0,71.0,72.0,72.0,72.0,72.0,72.0,73.0,73.0,74.0,74.0,74.0,74.0,74.0,75.0,75.0,75.0,76.0,76.0,76.0,76.0,76.0,77.0,77.0,77.0,78.0,78.0,78.0,78.0,79.0,79.0,79.92000000000007,80.0,80.0,80.0,80.0,81.0,82.0,82.0,82.0,83.0,84.0,84.0,84.0,85.0,86.0,86.0,87.0,88.0,88.0,88.75999999999999,89.0,90.0,91.83999999999992,92.20000000000005,94.0,97.0,99.27999999999997,106.0,131.0
35-44,BODY_IRON,1589,-11.260317200065757,-5.160333701619148,-4.024270718744269,-2.9573554868448406,-2.323450317896256,-1.6284822760002045,-1.1635601712024224,-0.7109022444774268,-0.12864926832664564,0.5147861505871166,0.8671915943888119,1.1865558365819378,1.5388064598834323,1.8652300969124982,2.1618007299268203,2.4114415440932517,2.722120495770576,2.920497547899874,3.179088007598823,3.4171597542838397,3.7592210612444314,3.960081144475391,4.2175094288990085,4.473618754528804,4.639498830488656,4.7682185231377625,4.879653187406621,5.050046931216965,5.231519937143129,5.3267560534764735,5.458195898619141,5.618346394388521,5.771757937299001,5.93301753208777,6.085183568941302,6.2084216504451515,6.366362509825786,6.469942489332397,6.633876055540194,6.801961458097457,6.947218990690358,7.110683979197213,7.232337667996595,7.372885371290634,7.471190333094003,7.6059644359638305,7.742451414194577,7.857900538649663,7.942777042454613,8.08005465128094,8.172959187577847,8.276247850481434,8.362161603655261,8.461080476845686,8.594931297849744,8.672327900346176,8.764929401567246,8.912256058721509,8.989702649869516,9.099492814224568,9.245356663984092,9.365509873984074,9.426874201544685,9.495936227275033,9.61064642792467,9.687172601844734,9.789672975755995,9.904760018708668,10.025958889054117,10.112605423297394,10.240066892193214,10.341155250430104,10.472263098003731,10.58787648287673,10.67227538083559,10.797138449759842,10.897056589459789,10.97709118202528,11.044082900504101,11.152443971342455,11.254808072385151,11.376296432928815,11.483650803857829,11.609465439557967,11.805281248145914,11.89798413643814,12.03472697442252,12.179272143380562,12.382463953768566,12.582058234239053,12.748485478139003,12.945858698731787,13.139624629690818,13.425124563979518,13.701204813165907,13.994609749119101,14.344232645013797,14.699088284905189,15.11187224859483,16.23397104018464,23.222549047703502
45-49,LBXWBCSI,740,2.3,3.039,3.5780000000000003,3.9,4.056,4.3,4.4,4.5,4.7,4.8,4.890000000000001,4.9,5.0,5.1,5.2,5.3,5.3,5.363000000000001,5.4,5.4,5.5,5.6,5.6,5.7,5.7,5.8,5.814000000000001,5.9,5.9,6.0,6.0,6.1,6.1,6.2,6.3,6.3,6.4,6.4,6.481999999999999,6.5,6.5,6.6,6.7,6.7,6.716000000000003,6.8,6.9,6.9,7.0,7.0,7.1,7.1,7.1,7.2,7.3,7.3,7.3,7.4,7.4,7.5,7.6,7.7,7.7,7.8,7.8,7.9,7.9,8.0,8.1,8.2,8.2,8.3,8.4,8.4,8.5,8.625,8.7,8.8,8.9,9.0,9.1,9.2,9.3,9.5,9.6,9.7,9.8,9.9,10.0,10.1,10.3,10.4,10.687999999999999,11.0,11.2,11.4,12.0,12.1,12.4,13.1,15.3
45-49,LBXLYPCT,740,5.6,13.817,15.556,16.851,17.956,18.985,19.634,20.173000000000002,20.812,21.351,21.69,21.829,22.168,22.5,22.746000000000002,23.1,23.4,23.8,23.9,24.1,24.3,24.5,24.7,24.797,25.136,25.4,25.7,26.0,26.592000000000002,26.7,26.97,27.209,27.4,27.6,27.9,28.1,28.403999999999996,28.7,28.8,29.0,29.160000000000004,29.399,29.6,29.8,29.9,30.1,30.3,30.5,30.6,30.7,30.9,31.089,31.3,31.5,31.7,31.845000000000006,32.0,32.2,32.4,32.6,32.8,32.979,33.318,33.757,34.096000000000004,34.23500000000001,34.4,34.7,35.05200000000001,35.2,35.5,35.9,36.108,36.3,36.68600000000001,37.025,37.164,37.5,37.7,38.2,38.8,39.259,39.69800000000001,40.0,40.2,40.5,41.0,41.492999999999995,41.8,42.271,42.71000000000001,43.4,44.0,45.0,45.6,46.61499999999999,47.74399999999999,49.11499999999997,52.12200000000001,55.56600000000001,67.6
45-49,LBXMOPCT,740,2.4,3.9779999999999998,4.4,4.5,4.6,4.7,4.834,4.9,5.0,5.1,5.2,5.229000000000001,5.3,5.4,5.5,5.6,5.7,5.8,5.9,5.9,6.0,6.019,6.1,6.2,6.2,6.275,6.3,6.3,6.4,6.4,6.5,6.5,6.5,6.6,6.6,6.6,6.7,6.7,6.781999999999999,6.8,6.8,6.8,6.9,6.9,7.0,7.0,7.1,7.1,7.1,7.2,7.2,7.288999999999999,7.3,7.3,7.4,7.4,7.4,7.5,7.6,7.6,7.7,7.7,7.8,7.8,7.9,7.9,8.0,8.0,8.1,8.1,8.2,8.3,8.3,8.4,8.5,8.6,8.7,8.8,8.8,8.9,9.1,9.2,9.3,9.3,9.3,9.4,9.5,9.6,9.8,10.0,10.1,10.249,10.4,10.5,10.665999999999997,10.904999999999996,11.343999999999994,12.0,12.5,13.144000000000005,18.0
45-49,LBXNEPCT,740,23.5,32.717,34.5,37.568,40.136,41.39,42.402,43.046,43.924,44.951,45.68000000000001,46.1,46.568,47.107,47.3,47.785,48.324,48.763,49.004,49.7,50.3,50.837999999999994,51.358,51.7,51.9,52.175000000000004,52.414,52.8,53.0,53.2,53.47,54.0,54.3,54.7,54.9,55.1,55.2,55.4,55.582,56.0,56.260000000000005,56.4,56.6,56.8,57.016000000000005,57.5,57.8,57.9,58.0,58.2,58.4,58.5,58.62800000000001,58.8,59.0,59.3,59.484,59.723,60.1,60.300999999999995,60.5,60.7,60.9,61.1,61.3,61.5,61.774,62.0,62.452000000000005,62.791,62.9,63.0,63.1,63.247,63.586000000000006,63.8,64.1,64.4,64.64200000000001,64.98100000000001,65.2,65.5,65.6,65.9,66.176,66.5,67.2,67.4,68.2,68.742,69.2,69.54899999999999,70.0,70.3,70.966,71.60499999999999,72.444,73.1,74.522,78.283,91.5
45-49,LBXEOPCT,740,5.397605346934028e-79,0.2,0.4,0.5,0.6,0.6,0.7,0.7,0.7120000000000004,0.8,0.8,0.9,0.9,0.9,0.9,1.0,1.1,1.1,1.1,1.1,1.2,1.2,1.2,1.3,1.3,1.3,1.3,1.4,1.4,1.4,1.4,1.5,1.5,1.5,1.5,1.6,1.6,1.6,1.7,1.7,1.7,1.8,1.8,1.9,1.9,1.9,1.9,2.0,2.0,2.0,2.0,2.1,2.1,2.1670000000000016,2.2,2.2,2.3,2.3,2.3,2.4,2.4,2.4,2.5,2.5,2.6,2.6,2.7,2.8,2.8,2.8,2.9,2.9,3.0,3.1,3.1,3.2,3.2,3.3,3.4,3.5,3.5200000000000045,3.6,3.7,3.7370000000000005,3.9,3.9,4.0,4.1,4.3,4.4,4.5,4.649000000000001,4.8,5.0,5.531999999999994,6.0,6.243999999999994,6.965999999999985,7.922000000000003,9.583000000000004,17.5
45-49,LBXBAPCT,740,0.1,0.3,0.3,0.3,0.3,0.4,0.4,0.4,0.4,0.4,0.5,0.5,0.5,0.5,0.5,0.5,0.5,0.5,0.5,0.5,0.5,0.5,0.5580000000000013,0.6,0.6,0.6,0.6,0.6,0.6,0.6,0.6,0.6,0.6,0.6,0.6260000000000019,0.7,0.7,0.7,0.7,0.7,0.7,0.7,0.7,0.7,0.7,0.7,0.7,0.8,0.8,0.8,0.8,0.8,0.8,0.8,0.8,0.8,0.8,0.8,0.8,0.8,0.8,0.8,0.9,0.9,0.9,0.9,0.9,0.9,0.9,0.9,0.9,1.0,1.0,1.0,1.0,1.0,1.0,1.0,1.0,1.0,1.0,1.1,1.1,1.1,1.1,1.1,1.1,1.1,1.1,1.2,1.2,1.2,1.3,1.3,1.3,1.3,1.4,1.4,1.6220000000000028,1.8610000000000013,3.4
45-49,LBXRBCSI,740,3.11,3.6678,3.79,3.87,3.91,3.9295,3.96,3.9873000000000003,4.01,4.0351,4.079,4.0929,4.11,4.15,4.16,4.17,4.18,4.19,4.21,4.2241,4.24,4.25,4.26,4.2797,4.29,4.3,4.31,4.31,4.32,4.33,4.34,4.35,4.35,4.36,4.3726,4.39,4.4,4.4,4.41,4.42,4.43,4.44,4.45,4.46,4.47,4.47,4.48,4.48,4.5,4.5,4.51,4.52,4.53,4.54,4.54,4.55,4.56,4.57,4.58,4.59,4.6,4.61,4.62,4.63,4.64,4.66,4.6674,4.68,4.69,4.7,4.71,4.72,4.73,4.74,4.7586,4.77,4.78,4.79,4.8,4.81,4.82,4.84,4.86,4.88,4.89,4.91,4.9154,4.94,4.96,4.97,4.98,5.02,5.0488,5.06,5.1,5.13,5.2231999999999985,5.296599999999999,5.3844,5.626600000000001,6.44
45-49,LBXHGB,740,6.8,8.139,8.8,9.434,9.956,10.4,10.6,10.8,11.0,11.150999999999998,11.3,11.4,11.5,11.6,11.7,11.785,11.9,11.963000000000001,12.0,12.1,12.1,12.2,12.2,12.3,12.3,12.4,12.4,12.453,12.5,12.5,12.5,12.6,12.648000000000001,12.7,12.7,12.7,12.8,12.8,12.9,12.9,12.9,13.0,13.0,13.0,13.016000000000002,13.1,13.1,13.2,13.2,13.2,13.2,13.3,13.3,13.4,13.4,13.4,13.4,13.5,13.5,13.5,13.5,13.5,13.6,13.6,13.6,13.7,13.7,13.7,13.7,13.8,13.8,13.8,13.9,13.9,13.9,14.0,14.0,14.0,14.1,14.1,14.1,14.2,14.2,14.3,14.3,14.314999999999998,14.4,14.5,14.6,14.6,14.7,14.8,14.9,15.0,15.1,15.1,15.2,15.3,15.5,15.9,17.4
45-49,LBXHCT,740,23.0,27.078,28.756,29.768,31.0,32.485,32.867999999999995,33.772999999999996,34.5,34.651,35.0,35.3,35.467999999999996,35.6,35.8,35.9,36.124,36.3,36.5,36.6,36.7,36.8,36.958,37.097,37.136,37.275,37.314,37.5,37.6,37.631,37.7,37.9,38.0,38.0,38.2,38.3,38.4,38.5,38.6,38.721000000000004,38.8,38.9,39.038,39.1,39.2,39.2,39.4,39.5,39.6,39.7,39.7,39.8,39.8,39.9,39.906,40.0,40.084,40.1,40.1,40.2,40.2,40.3,40.4,40.5,40.6,40.6,40.7,40.8,40.9,40.9,41.0,41.1,41.2,41.3,41.3,41.425,41.5,41.7,41.8,41.98100000000001,42.1,42.259,42.4,42.6,42.8,42.8,42.9,43.092999999999996,43.2,43.3,43.4,43.6,43.7,43.927,44.2,44.6,44.8,45.08299999999999,46.46600000000001,47.62200000000001,50.5
45-49,LBXMCVSI,740,50.8,62.056,66.056,68.268,70.712,71.9,73.67,75.1,76.312,76.95100000000001,77.88000000000001,79.029,79.6,80.3,80.6,80.8,81.1,81.4,81.80199999999999,82.241,82.48,83.0,83.158,83.5,83.736,83.9,84.014,84.3,84.5,84.7,84.87,85.1,85.3,85.5,85.6,85.7,85.8,85.9,86.0,86.1,86.3,86.5,86.7,86.8,87.0,87.2,87.294,87.333,87.5,87.6,87.7,87.88900000000001,88.0,88.2,88.306,88.6,88.6,88.9,89.062,89.2,89.3,89.3,89.418,89.5,89.7,89.8,90.0,90.1,90.2,90.5,90.6,90.76899999999999,90.9,91.1,91.2,91.3,91.4,91.603,91.8,92.0,92.2,92.4,92.69800000000001,93.0,93.2,93.3,93.4,93.7,93.8,93.971,94.4,94.649,94.888,95.227,95.6,96.0,96.244,96.5,97.444,98.3,102.6
45-49,LBXMC,741,27.6,29.54,30.28,30.62,31.1,31.2,31.4,31.5,31.6,31.8,31.9,32.0,32.08,32.1,32.2,32.2,32.3,32.3,32.3,32.4,32.4,32.5,32.5,32.6,32.6,32.6,32.7,32.7,32.8,32.8,32.8,32.9,32.9,32.9,32.9,33.0,33.0,33.0,33.1,33.1,33.1,33.1,33.2,33.2,33.2,33.2,33.3,33.3,33.3,33.3,33.4,33.4,33.4,33.4,33.5,33.5,33.5,33.5,33.6,33.6,33.6,33.6,33.7,33.7,33.7,33.7,33.7,33.8,33.8,33.8,33.8,33.9,33.9,33.9,33.9,34.0,34.0,34.0,34.1,34.1,34.1,34.1,34.2,34.2,34.2,34.3,34.3,34.3,34.3,34.4,34.4,34.5,34.5,34.6,34.6,34.7,34.8,34.9,35.1,35.3,36.1
45-49,LBXMCHSI,740,14.6,18.739,19.778000000000002,21.217,22.355999999999998,23.095000000000002,23.6,23.7,24.012,24.551,24.790000000000003,25.258,25.6,25.907,26.1,26.3,26.5,26.6,26.7,26.9,27.080000000000002,27.119,27.3,27.397,27.5,27.6,27.7,27.753,27.8,27.9,28.0,28.109,28.2,28.3,28.426000000000002,28.5,28.6,28.6,28.7,28.7,28.8,28.899,29.0,29.0,29.1,29.2,29.2,29.3,29.4,29.4,29.5,29.6,29.6,29.7,29.7,29.8,29.9,29.9,29.9,30.0,30.1,30.1,30.2,30.2,30.3,30.4,30.4,30.5,30.5,30.590999999999998,30.6,30.668999999999993,30.7,30.7,30.8,30.8,30.9,30.9,30.9,31.0,31.020000000000003,31.1,31.2,31.3,31.4,31.4,31.5,31.692999999999994,31.8,31.8,31.9,32.1,32.188,32.3,32.4,32.5,32.644,32.88299999999999,33.1,33.561,35.7
45-49,LBXRDW,740,11.9,12.139,12.3,12.4,12.456,12.5,12.6,12.6,12.612,12.7,12.7,12.8,12.8,12.8,12.9,12.9,12.9,12.9,13.0,13.0,13.0,13.0,13.0,13.1,13.1,13.1,13.1,13.2,13.2,13.2,13.2,13.2,13.2,13.3,13.3,13.3,13.3,13.4,13.4,13.4,13.4,13.5,13.5,13.5,13.5,13.6,13.6,13.6,13.7,13.7,13.7,13.7,13.8,13.8,13.9,13.9,13.9,13.9,14.0,14.0,14.1,14.1,14.2,14.2,14.2,14.3,14.4,14.413000000000006,14.5,14.590999999999996,14.6,14.6,14.7,14.747000000000003,14.8,14.8,14.9,15.0,15.1,15.2,15.3,15.4,15.5,15.6,15.7,15.9,16.0,16.192999999999994,16.2,16.4,16.5,16.6,16.7,17.026999999999997,17.566,18.2,18.7,19.3,19.8,21.022000000000002,29.2
45-49,LBXPLTSI,740,111.0,143.0,152.56,164.0,171.12,175.0,179.0,182.46,187.0,190.51,195.0,196.0,198.0,199.14000000000001,203.0,205.85,208.24,210.63,214.0,218.0,219.0,221.0,223.0,225.0,226.0,228.0,229.0,231.0,232.0,234.0,235.7,237.09,239.0,241.0,242.0,244.0,246.0,247.43,249.0,250.0,252.60000000000002,254.0,255.0,256.0,258.0,260.55,263.0,265.0,266.0,267.0,269.0,270.0,271.28000000000003,273.0,274.0,276.0,277.0,279.22999999999996,281.61999999999995,283.01,285.4,287.78999999999996,289.0,290.0,293.0,294.35,295.74,299.0,301.0,303.90999999999997,306.0,307.0,309.0,310.0,312.0,315.0,316.0,319.0,321.0,322.81000000000006,326.0,330.0,332.0,335.0,336.76,342.0,344.0,345.0,348.32000000000005,352.4200000000001,357.1,359.49,363.88,369.0,379.0,389.2999999999997,406.43999999999994,423.14999999999964,440.8800000000001,489.05000000000007,524.0
45-49,LBXMPSI,740,6.2,6.539,6.7,6.8,6.8,6.9,7.0,7.0,7.1,7.1,7.1,7.2,7.2,7.207000000000001,7.3,7.3,7.4,7.4,7.4,7.5,7.5,7.5,7.5,7.6,7.6,7.6,7.6,7.6,7.7,7.7,7.7,7.7,7.8,7.8,7.8,7.8,7.9,7.9,7.9,7.9,7.9,7.9,8.0,8.0,8.0,8.0,8.0,8.1,8.1,8.1,8.1,8.2,8.2,8.2,8.2,8.3,8.3,8.3,8.3,8.301,8.4,8.4,8.4,8.5,8.5,8.5,8.5,8.6,8.6,8.6,8.7,8.7,8.7,8.7,8.7,8.8,8.8,8.8,8.8,8.9,8.9,8.9,9.0,9.0,9.0,9.1,9.1,9.2,9.3,9.3,9.4,9.4,9.5,9.526999999999997,9.6,9.8,9.9,10.1,10.422000000000002,10.861000000000002,12.3
45-49,LBXSGL,726,56.0,70.0,73.0,75.0,76.0,77.25,79.0,80.0,81.0,81.0,81.5,82.0,82.0,83.0,83.0,83.0,84.0,84.0,84.0,85.0,85.0,85.0,86.0,86.0,86.0,86.0,86.0,87.0,87.0,87.0,87.0,88.0,88.0,88.0,88.0,88.74999999999997,89.0,89.0,89.0,90.0,90.0,90.0,90.0,91.0,91.0,91.0,92.0,92.0,92.0,92.0,93.0,93.0,93.0,93.0,94.0,94.0,94.00000000000006,95.0,95.0,95.0,95.0,96.0,96.0,96.0,97.0,97.0,97.0,97.0,98.0,99.0,99.0,99.0,100.0,100.0,101.0,101.0,101.0,102.25,103.0,104.0,105.0,105.0,106.0,107.0,108.0,109.25,112.5,115.0,118.0,120.0,123.0,127.75,131.0,138.5,153.0,168.75,181.0,203.0,232.5,278.0,466.0
45-49,LBXSCH,725,94.0,128.48,136.48,139.72,143.96,147.0,149.44,151.0,153.92000000000002,154.16,156.0,158.0,159.0,160.12,161.0,163.0,164.0,165.08,167.0,168.0,169.0,170.04,171.28,173.52,174.0,175.0,176.0,177.0,177.72000000000003,178.95999999999998,180.0,181.0,182.0,184.0,185.0,186.0,186.0,187.0,187.0,188.0,189.0,189.83999999999997,190.0,191.0,192.56,193.0,194.0,195.0,195.0,196.0,197.0,197.0,198.48000000000002,199.0,200.0,201.0,202.0,203.0,204.0,205.0,206.0,206.0,207.0,207.0,209.0,209.0,210.0,212.0,213.0,214.0,215.0,216.0,217.0,218.0,219.0,220.0,221.0,222.48000000000002,224.0,225.0,226.0,227.0,228.0,229.0,232.0,233.0,236.0,237.0,241.0,243.36,246.0,249.0,253.08000000000004,257.0,260.0,266.0,273.0,281.0,291.52,321.55999999999995,381.0
45-49,BMXHT,731,139.0,144.46,146.62,148.04,148.8,149.4,149.7,150.20999999999998,150.74,151.3,151.8,152.4,152.6,152.8,153.0,153.2,153.3,153.60999999999999,153.9,154.1,154.4,154.7,155.0,155.2,155.5,155.7,156.1,156.3,156.6,156.9,157.2,157.33,157.5,157.8,158.12,158.54999999999998,158.78,159.01,159.2,159.3,159.4,159.53,159.7,159.8,160.02,160.2,160.4,160.6,160.74,160.9,161.2,161.4,161.7,161.79000000000002,161.82000000000002,162.0,162.3,162.4,162.57999999999998,162.7,162.9,163.2,163.36,163.4,163.6,163.7,163.9,164.20999999999998,164.5,164.67,164.9,165.05999999999997,165.4,165.59,165.7,165.95,166.17999999999998,166.2,166.3,166.4,166.6,166.8,167.1,167.4,167.82,168.35000000000002,168.5,169.0,169.44,169.77,170.1,170.66000000000003,171.18,171.6,171.92,172.45,173.4,174.07000000000002,175.3,177.51000000000002,189.3
45-49,BMXWT,729,41.2,46.64,49.0,50.284,51.412,52.98,53.7,54.396,55.0,55.652,55.9,56.908,57.2,57.9,58.876000000000005,59.3,60.348,60.676,61.004,61.5,62.12,63.0,63.7,64.288,64.84400000000001,65.7,66.2,66.7,66.98400000000001,67.5,67.94,68.436,69.1,69.4,70.05199999999999,70.4,70.60799999999999,71.036,71.5,71.89200000000001,72.3,72.6,72.8,73.3,73.9,74.36,74.988,75.448,76.1,76.472,76.9,77.628,78.2,78.86800000000001,79.412,80.0,80.4,81.09199999999998,81.74799999999999,82.404,83.08,83.60799999999999,84.636,85.064,85.776,87.02,87.548,88.1,89.104,89.732,90.6,91.488,92.31199999999998,93.64399999999999,93.97200000000001,94.3,95.4,96.1,97.084,98.3,99.3,100.36800000000001,101.0,102.548,103.704,105.05999999999999,106.616,107.772,110.02,112.79199999999999,114.02000000000001,116.1,119.00399999999999,120.71600000000004,122.9,124.52000000000001,126.388,133.848,146.2,156.33600000000004,178.9
45-49,BMXWAIST,702,68.0,71.10199999999999,73.002,74.203,75.40400000000001,75.915,76.6,77.2,78.008,78.818,79.61999999999999,80.011,80.8,81.013,81.414,82.215,82.71600000000001,83.217,83.8,84.119,84.84,85.3,85.9,86.223,86.624,87.025,87.3,88.0,88.42800000000001,88.5,88.9,89.4,89.832,90.2,90.9,91.7,92.2,92.5,93.0,93.5,93.74000000000001,94.14099999999999,94.3,94.54299999999999,95.0,95.7,96.0,96.14699999999999,96.89599999999999,97.4,97.95,98.702,99.004,99.8,100.054,100.5,101.1,101.5,102.158,102.759,103.2,104.0,104.4,104.96300000000001,105.264,105.765,106.066,106.767,107.6,108.169,108.94,109.4,109.672,110.51899999999998,111.074,111.5,112.2,112.75399999999999,113.8,114.3,115.16000000000001,115.66200000000002,116.5,117.6,119.052,120.0,120.758,121.487,122.164,122.9,123.67999999999999,124.85499999999999,127.792,128.979,131.37599999999998,133.68999999999997,135.47999999999996,138.073,142.588,147.394,163.7
45-49,BP_SYS,693,80.0,90.0,92.0,95.75999999999999,96.68,98.0,100.0,100.0,101.0,102.0,102.0,103.0,104.0,104.0,104.88000000000001,106.0,106.0,106.0,106.0,107.0,107.0,107.32,108.0,108.0,108.0,108.0,109.0,110.0,110.0,110.0,110.0,111.0,111.0,112.0,112.0,112.0,113.0,113.0,113.0,113.88,114.0,114.0,115.0,116.0,116.0,116.0,116.0,117.0,117.15999999999997,118.0,118.0,119.0,119.0,119.0,119.0,120.0,120.0,121.0,121.0,122.0,122.0,122.0,123.0,123.0,124.0,124.0,124.0,125.0,126.0,126.0,126.0,126.0,127.0,128.0,128.0,129.0,129.0,130.0,130.0,130.0,131.0,132.0,133.0,134.0,135.0,136.0,136.0,137.0,138.0,138.88,141.0,142.0,144.0,144.0,145.0,146.0,151.31999999999994,156.48000000000002,161.63999999999987,176.16000000000008,195.0
45-49,BP_DIA,693,34.0,50.84,52.84,56.0,57.0,58.0,60.0,60.0,61.0,61.0,62.0,62.120000000000005,63.0,64.0,64.0,64.0,65.0,65.0,66.0,66.0,66.0,67.0,68.0,68.0,68.0,68.0,69.0,69.0,70.0,70.0,70.0,70.0,70.0,71.0,72.0,72.0,72.0,72.0,72.0,72.0,73.0,73.0,73.0,74.0,74.0,74.0,74.0,75.0,75.0,76.0,76.0,76.0,76.0,77.0,77.0,78.0,78.0,78.0,78.0,78.0,79.0,79.0,80.0,80.0,80.0,80.0,80.0,81.0,81.0,82.0,82.0,82.0,83.0,84.0,84.0,84.0,84.0,84.0,85.0,86.0,86.0,86.0,86.43999999999994,87.0,88.0,88.0,90.0,90.0,90.0,91.0,92.0,92.0,92.0,94.0,95.0,96.0,98.31999999999994,102.0,106.0,112.24000000000012,142.0
45-49,BODY_IRON,742,-10.117378845329748,-5.955337978839197,-4.565360430927258,-3.379212289909767,-2.5616279610618164,-1.2010094021764275,-0.8901531109462213,-0.5320185113459514,-0.11239662080075719,0.5111538594315592,0.8344653878940615,1.2738944562094214,1.5108532655632114,1.9675965926073957,2.344127800577543,2.629923493829524,2.9790273242708865,3.074900488339379,3.22316302572023,3.5402097910504127,3.867188618673815,4.174157858871876,4.323836389488339,4.421031526216146,4.744689043882391,4.971971723539774,5.151405601112387,5.534338518934723,5.75321621188259,6.105299393276311,6.291195879231235,6.517738240188282,6.76259921735414,6.8882092324412305,7.011251603547749,7.103700497444816,7.242972290191191,7.3444838670632455,7.453945559749261,7.638174032812936,7.787176250166752,7.8939490539421335,8.035925604376029,8.136659731096435,8.19024385137798,8.264412763287073,8.3449668534793,8.471651504531824,8.607341879451958,8.724192128379013,8.830478865464105,8.948838647929486,9.051968352745408,9.142776752081069,9.24878965774703,9.374719933557982,9.451676763904432,9.534370898891204,9.583159547444918,9.689838972874465,9.831014302846432,9.946903760214044,10.00272095518653,10.056059728043781,10.230513921486377,10.312757817612894,10.462257209556526,10.571435914111557,10.659171348950778,10.73706909094746,10.882089988923088,11.0746452930379,11.176812460884701,11.298665903097719,11.360851414494208,11.485180031338178,11.640957990538737,11.77649603535107,11.895210480943035,11.98937233397172,12.055921261052257,12.169194898276428,12.323128074069363,12.504771182123203,12.660531920573915,12.928990192019917,13.088606267619696,13.2074375763195,13.346297928265958,13.545197075037269,13.752941458742141,13.881808874124639,14.039162514796198,14.380616738614718,14.579749931686845,14.932260635973442,15.239843268037685,15.891981894137645,16.2199970375597,17.400643456614393,25.047720246749112
